BeginTime,Duration,M31,M17,M45,M35,M38,M34,M48,M16,M47,AD1-A,M18,M13,AD1-B,M15,M06,M37,M09,M39,M32,M07,M14,M40,M10,M41,M51,M08,M19,D09,M44,M05,M29,M21,M36,M11,M30,AD1-C,M43,M01,M50,M02,D10,M28,M49,M42,M24,M33,M25,M20,D08,M46,M27,M26,D15,M03,M23,M22,D03,I03,M04,M12,D14,D12,D07,D05,L06,L13,L04,L11,L10,L12,L09,Activity
07:15:17,00:05:47,0,0,0,29,2,13,0,0,0,2,0,0,0,0,0,2,0,3,2,0,0,5,0,6,0,0,0,0,0,0,2,0,6,0,3,0,0,0,0,0,0,0,0,0,0,6,0,0,0,0,0,0,0,0,0,0,0,0,0,0,0,0,0,0,0,0,0,0,0,0,0,R1_Bed_to_Toilet
07:21:04,00:17:30,0,0,0,0,64,0,0,0,0,0,0,0,0,0,0,2,0,27,0,0,0,5,0,0,0,0,0,0,0,0,2,0,1,0,1,0,0,0,0,0,0,0,0,0,0,0,0,0,0,0,0,0,0,0,0,0,0,0,0,0,0,0,0,0,0,0,0,0,0,0,0,R1_Personal_Hygiene
07:44:13,00:02:42,0,0,0,0,4,0,3,0,10,0,0,0,0,0,0,2,0,4,3,0,0,4,0,9,0,0,0,0,4,0,2,0,2,0,2,0,6,0,4,0,0,11,4,6,0,0,0,0,0,0,6,0,0,0,0,0,0,0,0,0,0,0,0,0,0,0,0,0,0,0,0,R2_Bed_to_Toilet
07:47:19,00:08:05,0,35,0,0,0,0,0,35,0,11,8,8,0,12,0,0,0,0,0,2,11,0,0,0,0,5,3,4,0,0,0,1,0,0,0,0,0,0,0,2,0,0,0,0,1,0,0,0,0,0,0,0,0,0,0,0,0,0,0,0,0,0,0,0,0,0,0,0,0,0,0,Meal_Preparation
10:19:50,00:22:02,0,78,0,0,0,0,0,36,0,8,19,4,2,14,4,0,13,0,0,7,6,0,2,0,12,6,4,12,0,0,0,1,0,0,0,3,0,0,0,1,8,0,0,0,1,1,1,0,6,0,0,0,0,0,0,0,0,1,0,0,0,0,0,0,0,0,0,0,0,0,0,Meal_Preparation
10:51:07,00:26:00,0,0,2,0,24,0,6,0,8,0,0,0,0,0,0,25,0,16,0,0,0,8,0,1,0,0,0,0,10,0,0,0,0,0,0,0,7,0,14,0,0,0,8,1,0,0,0,0,0,12,0,0,0,0,0,0,0,0,0,0,0,0,0,0,0,0,0,0,0,0,0,R2_Personal_Hygiene
11:41:34,00:49:28,0,14,0,0,0,0,0,10,0,6,4,0,2,15,64,0,27,0,0,34,0,0,1,0,4,15,0,3,0,0,0,0,0,0,0,4,0,4,0,3,0,0,0,0,1,0,0,0,0,0,0,0,0,0,1,0,0,2,0,0,0,4,0,0,0,0,1,0,0,0,0,Watch_TV
14:29:03,03:08:19,994,0,367,6,0,0,15,0,0,2,0,0,0,0,0,0,0,0,14,0,0,0,0,0,0,0,0,0,12,0,0,0,16,0,0,0,4,0,18,0,0,0,6,4,0,0,0,0,0,4,0,0,0,0,0,0,0,0,0,0,0,0,0,0,0,0,0,0,0,0,0,R1_Work
15:23:24,02:13:21,643,0,367,4,0,0,13,0,0,0,0,0,0,0,0,0,0,0,4,0,0,0,0,0,0,0,0,0,12,0,0,0,4,0,0,0,4,0,17,0,0,0,5,4,0,0,0,0,0,4,0,0,0,0,0,0,0,0,0,0,0,0,0,0,0,0,0,0,0,0,0,R2_Work
17:47:19,01:09:37,0,127,0,0,0,0,0,54,0,34,26,0,51,34,0,0,1,0,0,0,0,0,0,0,10,0,2,14,0,0,0,1,0,0,0,13,0,0,0,0,14,0,0,0,1,0,0,0,0,0,0,0,6,0,0,0,0,0,0,0,0,0,0,0,0,0,0,0,0,0,0,Meal_Preparation
19:00:18,00:29:49,310,0,0,3,0,0,0,0,0,0,0,0,0,0,0,0,0,0,5,0,0,0,0,0,0,0,0,0,0,0,0,0,2,0,0,0,0,0,0,0,0,0,0,0,0,2,0,0,0,0,0,0,0,0,0,0,0,0,0,0,0,0,0,0,0,0,0,0,0,0,0,R1_Work
22:10:55,07:46:27,0,0,5,83,4,68,109,0,52,2,0,0,0,0,0,4,0,4,4,0,0,6,0,0,0,0,0,0,4,0,2,0,2,0,0,0,4,0,7,0,0,2,11,2,0,10,0,0,0,8,0,0,0,0,0,0,0,0,0,0,0,0,0,0,0,0,0,0,0,0,0,R1_Sleep
22:24:19,00:02:38,0,0,2,2,4,0,0,0,4,0,0,0,0,0,0,4,0,4,0,0,0,6,0,0,0,0,0,0,4,0,2,0,0,0,0,0,4,0,5,0,0,2,1,2,0,0,0,0,0,3,0,0,0,0,0,0,0,0,0,0,0,0,0,0,0,0,0,0,0,0,0,R2_Personal_Hygiene
22:29:19,07:42:54,0,0,3,63,0,46,117,0,53,0,0,0,0,0,0,0,0,0,0,0,0,0,0,0,0,0,0,0,0,0,0,0,0,0,0,0,0,0,2,0,0,0,10,0,0,0,0,0,0,5,0,0,0,0,0,0,0,0,0,0,0,0,0,0,0,0,0,0,0,0,0,R2_Sleep
06:12:14,00:06:10,0,0,2,0,4,0,7,0,5,0,0,0,0,0,0,4,0,3,0,0,0,6,0,6,0,0,0,0,2,0,4,0,0,0,0,0,4,0,6,0,0,2,4,0,0,0,0,0,0,2,0,0,0,0,0,0,0,0,0,0,0,0,0,0,0,0,0,0,0,0,0,R2_Bed_to_Toilet
06:32:54,00:35:00,0,0,0,0,44,0,3,0,1,0,0,0,0,0,0,32,0,31,0,0,0,18,0,0,0,0,0,0,8,0,2,0,0,0,0,0,4,0,5,0,0,0,3,0,0,0,0,0,0,1,0,0,0,0,0,0,0,0,0,0,0,0,0,0,0,0,0,0,0,0,0,R2_Personal_Hygiene
07:29:34,00:06:14,2,0,0,6,14,2,0,0,0,0,0,0,0,0,0,4,0,9,4,0,0,6,0,10,0,0,0,0,0,0,3,0,4,0,4,0,0,0,0,0,0,0,0,0,0,0,0,0,0,0,0,0,0,0,0,0,0,0,0,0,0,0,0,0,0,0,0,0,0,0,0,R1_Bed_to_Toilet
08:06:11,09:51:26,0,356,0,0,0,0,0,215,0,24,107,10,139,102,0,0,11,0,0,0,81,0,0,0,40,1,19,60,0,0,0,0,0,0,0,15,0,0,0,0,10,0,0,0,0,0,0,0,10,0,0,0,0,0,0,0,0,0,0,0,0,0,2,0,0,0,0,0,0,0,0,Meal_Preparation
17:57:52,01:12:21,243,34,0,6,0,0,0,20,0,0,9,0,0,23,72,0,55,0,3,60,0,0,5,0,4,24,0,6,0,0,0,0,12,0,6,0,0,0,0,2,0,0,0,0,0,0,0,0,0,0,0,0,2,0,0,0,0,2,0,0,0,0,0,0,0,0,0,0,0,0,0,R1_Work
18:01:23,01:09:00,223,34,0,4,0,0,0,20,0,0,9,0,0,23,73,0,55,0,0,61,0,0,5,0,4,24,0,6,0,0,0,0,9,0,2,0,0,0,0,2,0,0,0,0,0,0,0,0,0,0,0,0,2,0,0,0,0,2,0,0,0,0,0,0,0,0,0,0,0,0,0,Watch_TV
22:25:44,07:30:48,0,0,0,136,0,132,143,0,75,0,0,0,0,0,0,0,0,0,1,0,0,0,0,0,0,0,0,0,1,0,0,0,0,0,0,0,0,0,0,0,0,0,7,0,0,1,0,0,0,0,0,0,0,0,0,0,0,0,0,0,0,0,0,0,0,0,0,0,0,0,0,R1_Sleep
22:37:35,07:29:38,0,0,0,115,0,74,151,0,75,0,0,0,0,0,0,0,0,0,1,0,0,0,0,0,0,0,0,0,0,0,0,0,0,0,0,0,0,0,0,0,0,0,7,0,0,0,0,0,0,0,0,0,0,0,0,0,0,0,0,0,0,0,0,0,0,0,0,0,0,0,0,R2_Sleep
06:12:34,00:04:08,0,0,2,0,7,0,8,0,6,0,0,0,0,0,0,4,0,4,0,0,0,8,0,4,0,0,0,0,4,0,2,0,0,0,0,0,4,0,6,0,0,2,6,0,0,0,0,0,0,2,0,0,0,0,0,0,0,0,0,0,1,0,0,0,0,0,0,0,0,0,0,R2_Bed_to_Toilet
06:17:30,00:34:20,0,0,0,0,119,0,5,0,1,2,0,0,0,0,0,22,0,32,0,0,0,12,0,0,0,0,0,0,4,0,2,0,0,0,0,0,4,0,4,0,0,0,4,0,0,0,0,0,0,0,0,0,0,0,0,0,0,0,0,0,0,0,0,0,0,0,0,0,0,0,0,R2_Personal_Hygiene
07:01:27,00:38:39,2,91,0,6,4,0,0,62,0,42,29,0,22,30,0,5,0,8,2,0,18,8,2,8,13,0,5,10,0,0,3,0,5,0,4,0,0,0,0,0,0,0,0,0,0,3,0,0,2,0,0,0,0,0,0,0,0,0,0,0,0,0,0,0,0,0,0,0,0,0,0,Meal_Preparation
07:26:00,00:14:03,2,21,0,5,4,0,0,6,0,15,8,0,19,6,0,5,0,8,2,0,2,8,2,8,6,0,0,0,0,0,3,0,5,0,4,0,0,0,0,0,0,0,0,0,0,3,0,0,0,0,0,0,0,0,0,0,0,0,0,0,0,0,0,0,0,0,0,0,0,0,0,R1_Bed_to_Toilet
07:40:06,00:06:30,0,0,0,2,27,0,0,0,0,0,0,0,0,0,0,4,0,6,0,0,0,2,0,0,0,0,1,0,0,0,2,0,2,0,3,0,0,0,0,0,0,0,0,0,0,0,0,0,0,0,0,0,0,0,0,0,0,0,0,0,0,0,0,0,0,0,0,0,0,0,0,R1_Personal_Hygiene
07:53:28,00:20:38,0,58,0,0,0,0,0,50,0,21,17,0,3,37,0,0,0,0,0,0,15,0,0,0,7,0,0,8,0,0,0,0,0,0,0,0,0,0,0,0,4,0,0,0,0,0,0,0,0,0,0,0,0,0,0,0,0,0,0,0,0,0,0,0,0,0,0,0,0,0,0,Meal_Preparation
10:31:49,00:13:19,0,67,0,0,0,0,0,30,0,7,29,0,0,4,0,0,0,0,0,0,0,0,0,0,10,0,14,6,0,0,0,2,0,0,0,0,0,0,0,0,4,0,0,0,2,0,2,0,0,0,0,0,0,0,0,0,0,0,0,0,0,0,0,0,0,0,0,0,0,0,0,Meal_Preparation
10:52:26,01:06:25,0,40,0,0,0,0,0,20,0,57,4,0,3,15,0,0,0,0,0,0,2,0,0,0,2,0,0,10,0,0,0,0,0,0,0,0,0,0,0,0,0,0,0,0,0,0,0,0,0,0,0,0,2,0,0,0,0,0,0,0,0,0,0,0,0,0,0,0,0,0,0,Meal_Preparation
17:15:29,02:18:53,0,1,0,0,0,0,0,0,0,0,0,0,0,0,98,0,6,0,0,13,0,0,49,0,0,8,0,0,0,4,0,0,0,40,0,0,0,0,0,2,0,0,0,0,0,0,0,0,0,0,0,0,0,2,0,0,0,2,4,0,0,0,0,0,0,0,0,0,0,0,0,Watch_TV
19:41:46,00:33:05,0,0,1,0,52,0,2,0,0,0,0,0,0,0,0,13,0,70,0,0,0,57,0,2,0,0,0,0,3,0,4,0,0,0,0,0,7,0,3,0,0,2,2,0,0,0,0,0,0,1,0,0,0,0,0,0,0,0,0,0,0,0,0,0,0,0,0,0,0,0,0,Wash_Bathtub
20:18:07,01:07:53,178,0,248,4,0,0,0,0,2,0,0,0,0,0,0,0,0,0,8,0,0,0,0,0,0,0,0,0,0,0,0,0,7,0,6,0,2,0,3,0,0,0,2,4,0,2,0,0,0,12,0,0,0,0,0,0,0,0,0,0,0,0,0,0,0,0,0,0,0,0,0,R2_Work
21:05:59,01:42:20,718,0,84,12,0,2,30,0,30,0,0,0,0,0,0,0,0,0,24,0,0,0,0,0,0,0,0,0,3,0,0,0,11,0,4,0,0,0,3,0,0,0,2,2,0,8,0,0,0,8,0,0,0,0,0,0,0,0,0,0,0,0,0,0,0,0,0,0,0,0,0,R1_Work
21:49:01,08:50:20,440,0,0,165,1,94,176,0,136,0,0,0,0,0,0,1,0,0,32,0,0,0,0,0,0,0,0,0,3,0,0,0,18,0,8,0,0,0,3,0,0,0,14,0,0,23,0,0,0,8,0,0,0,0,0,0,0,0,0,0,0,0,0,0,0,0,0,0,0,0,0,R2_Sleep
22:55:00,07:56:02,0,0,0,174,1,92,146,0,106,0,0,0,0,0,0,1,0,0,12,0,0,0,0,0,0,0,0,0,0,0,0,0,10,0,4,0,0,0,0,0,0,0,12,0,0,16,0,0,0,0,0,0,0,0,0,0,0,0,0,0,0,0,0,0,0,0,0,0,0,0,0,R1_Sleep
06:51:44,00:21:02,1,0,0,0,19,0,0,0,0,0,0,0,0,0,0,6,0,24,2,0,0,15,0,8,0,0,0,0,0,0,2,0,4,0,4,0,0,0,0,0,0,0,0,0,0,3,0,0,0,0,0,0,0,0,0,0,0,0,0,0,0,0,0,0,0,0,0,0,0,0,0,R1_Bed_to_Toilet
07:23:49,00:00:52,0,8,0,0,0,0,0,4,0,0,3,0,0,0,0,0,0,0,0,0,0,0,0,0,0,0,3,0,0,0,0,1,0,0,0,0,0,0,0,0,0,0,0,0,0,0,0,0,0,0,0,0,0,0,0,0,0,0,0,0,0,0,0,0,0,0,0,0,0,0,0,Meal_Preparation
08:01:12,00:02:33,0,0,0,0,4,0,5,0,2,0,0,0,0,0,0,4,0,4,0,0,0,6,0,4,0,0,0,0,6,0,3,0,0,0,0,0,9,0,4,0,0,2,3,0,0,0,0,0,0,1,0,0,0,0,0,0,0,0,0,0,0,0,0,0,0,0,0,0,0,0,0,R2_Bed_to_Toilet
08:05:21,00:07:38,0,59,0,0,0,0,0,25,0,0,12,2,6,12,0,0,2,0,0,0,6,0,0,0,6,0,3,2,0,0,0,1,0,0,0,0,0,0,0,0,0,0,0,0,1,0,1,0,5,0,0,0,0,0,0,0,0,0,0,0,0,0,0,0,0,0,0,0,0,0,0,Meal_Preparation
08:26:12,01:20:34,0,1,0,0,0,0,0,1,0,0,0,4,0,1,6,0,229,0,0,4,7,0,70,0,0,4,0,0,0,0,0,0,0,6,0,0,0,0,0,0,0,0,0,0,0,0,0,0,0,0,0,0,0,0,0,0,0,0,0,4,0,0,0,0,0,0,0,0,0,0,0,Watch_TV
10:08:09,00:41:30,0,0,0,0,32,0,2,0,2,0,0,0,0,0,0,20,0,24,0,0,0,15,0,0,0,0,0,0,6,0,6,0,0,0,0,0,6,0,5,0,0,2,2,0,0,0,0,0,0,3,0,0,0,0,0,0,0,0,0,0,0,0,0,0,0,0,0,0,0,0,0,R2_Personal_Hygiene
12:13:42,00:27:52,0,65,0,0,0,0,0,13,0,0,17,2,20,10,0,0,17,0,0,0,13,0,4,0,12,0,1,10,0,0,0,2,0,0,0,0,0,0,0,0,10,0,0,0,1,0,0,0,0,0,0,0,0,0,0,0,0,0,0,0,0,0,0,0,0,0,0,0,0,0,0,Meal_Preparation
18:38:52,03:12:04,1481,20,198,8,0,0,0,2,4,0,19,0,17,2,1,0,2,0,6,2,0,0,0,0,2,2,1,0,5,0,2,1,37,0,16,0,8,0,32,0,0,0,2,7,0,1,0,0,0,4,0,0,2,0,0,0,0,0,0,0,0,0,0,0,0,0,0,0,0,0,0,R1_Work
18:42:13,00:03:52,26,20,0,0,0,0,0,2,0,0,19,0,17,2,1,0,2,0,0,1,0,0,0,0,2,2,1,0,0,0,0,0,0,0,0,0,0,0,0,0,0,0,0,0,0,0,0,0,0,0,0,0,2,0,0,0,0,0,0,0,0,0,0,0,0,0,0,0,0,0,0,Meal_Preparation
20:03:56,01:47:19,742,0,200,8,0,0,0,0,0,0,0,0,0,0,0,0,0,0,1,0,0,0,0,0,0,0,0,0,4,0,2,0,33,0,14,0,8,0,27,0,0,0,0,7,0,1,0,0,0,2,0,0,0,0,0,0,0,0,0,0,0,0,0,0,0,0,0,0,0,0,0,R2_Work
22:02:09,09:24:46,0,0,0,165,32,77,245,0,132,0,0,0,0,0,0,4,0,0,3,0,0,0,0,0,0,0,0,0,2,0,0,0,8,0,4,0,0,0,1,0,0,0,14,0,0,2,0,0,0,7,0,0,0,0,0,0,0,0,0,0,0,0,0,0,0,0,0,0,0,0,0,R2_Sleep
23:06:31,00:03:56,0,0,0,2,32,0,4,0,4,0,0,0,0,0,0,4,0,0,3,0,0,0,0,0,0,0,0,0,0,0,0,0,4,0,4,0,0,0,0,0,0,0,0,0,0,2,0,0,0,0,0,0,0,0,0,0,0,0,0,0,0,0,0,0,0,0,0,0,0,0,0,R1_Personal_Hygiene
23:11:49,08:21:59,0,0,0,177,0,85,140,0,110,0,0,0,0,0,0,0,0,0,5,0,0,0,0,0,0,0,0,0,0,0,0,0,4,0,0,0,0,0,0,0,0,0,0,0,0,2,0,0,0,0,0,0,0,0,0,0,0,0,0,0,0,0,0,0,0,0,0,0,0,0,0,R1_Sleep
07:33:50,00:19:56,0,0,0,1,52,0,0,0,0,0,0,0,0,0,0,8,0,26,1,0,0,17,0,12,0,0,0,0,0,0,0,0,4,0,2,0,0,0,0,0,0,0,0,0,0,0,0,0,0,0,0,0,0,0,0,0,0,0,0,0,0,0,0,0,0,0,0,0,0,0,0,R1_Bed_to_Toilet
07:34:25,00:19:37,0,0,0,2,52,0,0,0,0,0,0,0,0,0,0,7,0,27,0,0,0,17,0,12,0,0,0,0,0,0,3,0,1,0,1,0,0,0,0,0,0,0,0,0,0,0,0,0,0,0,0,0,0,0,0,0,0,0,0,0,0,0,0,0,0,0,0,0,0,0,0,R1_Personal_Hygiene
08:04:01,00:21:08,0,31,0,0,0,0,1,8,0,20,12,0,9,4,0,0,1,0,0,0,0,0,0,0,4,2,5,6,0,0,0,1,0,0,0,0,0,0,0,0,0,0,1,0,0,0,0,1,2,0,0,0,0,0,0,0,0,0,0,0,0,0,0,0,0,0,0,0,0,0,0,Meal_Preparation
08:25:09,00:02:19,0,0,0,0,3,0,2,0,0,0,0,0,0,0,0,4,0,2,0,0,0,4,0,4,0,0,0,0,2,0,0,1,0,0,0,0,4,0,3,0,0,0,2,4,0,0,0,0,0,1,0,0,0,0,0,0,0,0,0,0,0,0,0,0,0,0,0,0,0,0,0,R2_Bed_to_Toilet
09:30:47,00:29:10,0,10,0,0,0,0,0,10,0,4,6,0,0,3,0,0,9,0,0,0,0,0,2,0,2,2,2,6,0,0,0,1,0,0,0,0,0,0,0,0,0,0,0,0,1,0,0,0,0,0,0,0,0,0,0,0,0,0,0,0,0,0,0,0,0,0,0,0,0,0,0,Meal_Preparation
11:09:26,00:19:11,0,44,0,0,0,0,0,33,0,0,16,0,13,20,0,0,16,0,0,0,18,0,4,0,8,5,4,12,0,0,0,0,0,0,0,11,0,0,0,0,4,0,0,0,1,0,1,0,2,0,0,0,0,0,0,0,0,0,0,0,0,0,0,0,0,0,0,0,0,0,0,Meal_Preparation
14:29:30,00:26:45,152,0,0,1,0,0,0,0,0,0,0,0,0,0,0,0,0,0,1,0,0,0,0,0,0,0,0,0,0,0,0,0,2,0,0,0,0,0,0,0,0,0,0,0,0,0,0,0,0,0,0,0,0,0,0,0,0,0,0,0,0,0,0,0,0,0,0,0,0,0,0,R1_Work
15:09:17,00:19:21,0,95,0,0,0,0,0,70,0,90,23,4,15,13,0,0,0,0,0,0,4,0,2,0,12,0,5,18,0,0,0,2,0,0,0,0,0,0,0,0,0,0,0,0,2,0,0,0,6,0,0,0,0,0,0,0,0,0,0,0,0,0,0,0,0,0,0,0,0,0,0,Meal_Preparation
17:15:22,00:31:54,0,45,153,0,0,0,0,30,0,0,60,23,0,30,33,0,45,0,0,50,42,1,2,2,25,63,102,0,4,6,1,109,0,24,0,0,1,64,2,23,0,2,5,0,70,0,47,8,0,7,9,7,0,17,41,53,0,0,17,12,0,0,0,0,0,0,0,0,0,0,0,R1_Work
17:16:01,00:32:22,0,48,153,0,0,0,0,30,0,0,65,23,0,30,33,0,45,0,0,50,42,0,2,0,29,63,103,0,4,6,1,110,0,24,0,0,1,64,2,23,0,2,5,0,70,0,47,8,0,4,9,7,0,17,41,53,0,0,17,12,0,0,0,0,0,0,0,0,0,0,0,Clean
20:01:30,02:09:06,737,17,0,4,0,0,0,10,0,0,15,1025,0,4,0,0,2,0,4,4,10,0,0,0,0,4,4,4,0,0,0,0,5,0,3,0,0,0,0,5,0,0,0,0,0,2,0,0,0,0,0,0,2,0,0,0,0,0,0,0,0,0,0,0,0,0,0,0,0,0,0,Study
20:01:32,02:10:54,770,17,0,4,0,0,0,10,0,0,15,1024,0,4,0,0,2,0,4,4,10,0,0,0,0,4,4,4,0,0,0,0,5,0,3,0,0,0,0,5,0,0,0,0,0,2,0,0,0,0,0,0,2,0,0,0,0,0,0,0,0,0,0,0,0,0,0,0,0,0,0,R1_Work
23:52:40,08:30:23,0,0,0,181,0,164,172,0,105,0,0,0,0,0,0,0,0,0,5,0,0,0,0,0,0,0,0,0,0,0,0,0,4,0,2,0,0,0,0,0,0,0,28,0,0,6,0,0,0,0,0,0,0,0,0,0,0,0,0,0,0,0,0,0,0,0,0,0,0,0,0,R1_Sleep
23:54:37,08:54:53,0,0,0,176,0,164,195,0,120,0,0,0,0,0,0,0,0,0,2,0,0,0,0,0,0,0,0,0,0,0,0,0,2,0,0,0,0,0,0,0,0,0,28,0,0,2,0,0,0,0,0,0,0,0,0,0,0,0,0,0,0,0,0,0,0,0,0,0,0,0,0,R2_Sleep
07:26:39,00:02:39,0,0,0,0,6,0,5,0,2,0,0,0,0,0,0,4,0,4,0,0,0,6,0,4,0,0,0,0,4,0,6,0,0,0,0,0,4,0,4,0,0,4,5,4,0,0,0,0,0,0,0,0,0,0,0,0,0,0,0,0,0,0,0,0,0,0,0,1,0,0,0,R2_Bed_to_Toilet
07:49:25,00:03:02,4,0,0,0,12,0,0,0,0,0,0,0,0,0,0,4,0,8,4,0,0,12,0,4,0,0,0,0,0,0,0,0,6,0,4,0,0,0,0,0,0,0,0,0,0,4,0,0,0,0,0,0,0,0,0,0,0,0,0,0,0,0,0,0,0,0,0,0,0,0,0,R1_Bed_to_Toilet
07:49:25,00:19:40,4,0,0,2,35,0,0,0,0,0,0,0,0,0,0,6,0,23,5,0,0,14,0,4,0,0,0,0,0,0,0,0,8,0,7,0,0,0,0,0,0,0,0,0,0,3,0,0,0,0,0,0,0,0,0,0,0,0,0,0,0,0,0,0,0,0,0,0,0,0,0,R1_Personal_Hygiene
08:23:14,00:07:18,0,24,0,0,0,0,0,9,0,2,6,2,21,5,0,0,0,0,0,0,4,0,0,0,2,2,2,6,0,0,0,2,0,0,0,0,0,0,0,0,0,0,0,0,1,0,0,0,2,0,0,0,0,0,0,0,0,0,0,0,0,0,0,0,0,0,0,0,0,0,0,Meal_Preparation
09:33:48,00:03:41,0,0,0,0,6,0,4,0,2,0,0,0,0,0,0,8,0,4,0,0,0,4,0,22,0,0,0,0,4,0,4,0,0,0,0,0,4,0,3,0,0,4,5,4,0,0,0,0,0,1,0,0,0,0,0,0,0,0,0,0,0,0,0,0,0,0,0,0,0,0,0,R2_Bed_to_Toilet
09:37:53,00:24:07,0,69,0,0,0,0,0,68,0,2,14,17,0,46,0,0,4,0,0,0,36,0,0,0,8,2,1,12,0,0,0,0,0,1,0,0,0,0,0,0,0,0,0,0,0,0,0,0,2,0,0,0,0,0,0,0,0,0,0,0,0,0,0,0,0,0,0,0,0,0,0,Meal_Preparation
10:07:52,00:44:38,0,0,0,0,98,0,1,0,0,0,0,0,0,0,0,10,0,48,0,0,0,28,0,0,0,0,0,0,3,0,4,0,0,0,0,0,4,0,4,0,0,0,4,0,0,0,0,0,0,0,0,0,0,0,0,0,0,0,0,0,0,0,0,0,0,0,0,0,0,0,0,R2_Personal_Hygiene
10:54:37,00:37:03,0,0,190,0,0,0,0,0,0,0,0,0,0,0,0,0,0,0,0,0,0,0,0,0,0,0,0,0,7,0,0,0,0,0,0,0,3,0,0,0,0,0,0,0,0,0,0,0,0,2,0,0,0,0,0,0,0,0,0,0,0,0,0,0,0,0,0,0,0,0,0,R2_Work
17:01:22,01:31:17,286,23,94,0,0,0,0,14,0,9,6,6,17,10,0,0,2,0,17,0,8,0,33,0,2,2,2,4,10,0,3,2,0,0,1,7,4,0,3,0,0,4,0,0,2,18,3,0,0,0,4,2,0,0,0,0,0,0,0,0,0,0,0,0,0,0,0,0,0,0,0,R2_Work
17:21:48,00:18:43,75,23,7,0,0,0,0,14,0,9,6,6,17,10,0,0,2,0,2,0,8,0,33,0,2,2,2,4,8,0,2,2,0,0,0,7,2,0,3,0,0,4,0,0,2,3,3,0,0,0,4,2,0,0,0,0,0,0,0,0,0,0,0,0,0,0,0,0,0,0,0,R2_Personal_Hygiene
18:33:29,00:12:01,0,27,0,0,0,0,0,18,0,6,7,0,18,10,0,0,4,0,0,0,8,0,0,0,2,2,1,4,0,0,0,0,0,0,0,0,0,0,0,0,2,0,0,0,0,0,0,0,0,0,0,0,0,0,0,0,0,0,0,0,0,0,0,0,0,0,0,0,0,0,0,Meal_Preparation
18:46:07,00:44:46,195,0,0,0,0,0,0,0,0,0,0,0,0,0,0,0,0,0,11,0,0,0,0,0,0,0,0,0,0,0,0,0,0,0,0,0,0,0,0,0,0,0,0,0,0,8,0,0,0,0,0,0,0,0,0,0,0,0,0,0,0,0,0,0,0,0,0,0,0,0,0,R1_Work
18:53:58,16:14:17,248,73,44,146,172,146,143,28,105,7,38,4,2,15,98,54,20,72,12,19,15,47,112,12,18,20,6,4,11,0,12,2,6,79,7,2,16,0,8,4,2,6,10,9,1,8,2,0,6,2,2,2,0,0,0,0,0,2,0,0,0,0,0,2,0,0,0,0,0,0,0,R1_Work
20:07:11,03:48:19,3,1,0,35,19,66,0,1,0,0,0,0,0,0,98,4,11,8,7,19,0,4,112,0,0,16,0,0,0,0,0,0,4,79,4,0,0,0,0,4,0,0,0,0,0,2,0,0,0,0,0,0,0,0,0,0,0,2,0,0,0,0,0,0,0,0,0,0,0,0,0,Watch_TV
20:40:33,00:05:01,3,0,0,3,19,0,0,0,0,0,0,0,0,0,0,4,0,8,6,0,0,4,0,0,0,0,0,0,0,0,0,0,4,0,4,0,0,0,0,0,0,0,0,0,0,0,0,0,0,0,0,0,0,0,0,0,0,0,0,0,0,0,0,0,0,0,0,0,0,0,0,R1_Personal_Hygiene
20:45:44,12:36:01,0,1,5,143,20,146,143,1,103,0,0,0,0,0,90,10,10,8,2,17,0,21,77,5,0,15,0,0,7,0,8,0,0,45,0,0,10,0,5,2,0,2,8,8,0,4,0,0,0,2,0,0,0,0,0,0,0,1,0,0,0,0,0,0,0,0,0,0,0,0,0,R1_Sleep
23:58:00,00:03:05,0,0,1,0,16,0,0,0,0,0,0,0,0,0,0,6,0,4,0,0,0,15,0,0,0,0,0,0,3,0,4,0,0,0,0,0,6,0,2,0,0,2,0,4,0,0,0,0,0,0,0,0,0,0,0,0,0,0,0,0,0,0,0,0,0,0,0,0,0,0,0,R2_Personal_Hygiene
00:26:55,08:54:51,0,0,2,103,4,74,143,0,104,0,0,0,0,0,0,4,0,4,1,0,0,6,0,5,0,0,0,0,4,0,4,0,0,0,0,0,4,0,3,0,0,0,8,4,0,3,0,0,0,2,0,0,0,0,0,0,0,0,0,0,0,0,0,0,0,0,0,0,0,0,0,R2_Sleep
07:54:46,00:02:06,0,0,2,0,4,0,5,0,2,0,0,0,0,0,0,4,0,4,0,0,0,6,0,5,0,0,0,0,4,0,4,0,0,0,0,0,4,0,3,0,0,0,3,4,0,0,0,0,0,2,0,0,0,0,0,0,0,0,0,0,0,0,0,0,0,0,0,0,0,0,0,R2_Bed_to_Toilet
09:25:46,00:36:25,0,0,0,0,126,0,0,0,1,0,0,0,0,0,0,35,0,41,0,0,0,16,0,0,0,0,0,0,4,0,0,0,0,0,0,0,4,0,3,0,0,2,2,1,0,0,0,0,0,0,0,0,0,0,0,0,0,0,0,0,0,0,0,0,0,0,0,0,0,0,0,R2_Personal_Hygiene
10:13:27,00:19:19,0,72,0,0,4,0,0,27,0,6,38,4,2,15,0,2,9,4,0,0,14,6,0,7,18,4,5,4,0,0,0,1,1,0,2,2,0,0,0,0,2,0,0,0,0,0,0,0,6,0,0,0,0,0,0,0,0,0,0,0,0,0,0,2,0,0,0,0,0,0,0,Meal_Preparation
10:28:20,00:13:28,0,9,1,0,6,0,0,5,0,5,4,0,0,2,0,4,2,15,0,0,3,6,0,7,4,0,0,0,0,0,2,0,2,0,3,0,0,0,0,0,0,0,0,0,0,0,0,0,4,0,0,0,0,0,0,0,0,0,0,0,0,0,0,0,0,0,0,0,0,0,0,R1_Bed_to_Toilet
11:00:45,00:08:59,50,0,38,2,0,0,0,0,0,0,0,0,0,0,0,0,0,0,10,0,0,0,0,0,0,0,0,0,0,0,0,0,0,0,5,0,0,0,0,0,0,0,0,0,0,0,0,0,0,0,0,0,0,0,0,0,0,0,0,0,0,0,0,0,0,0,0,0,0,0,0,R1_Work
11:00:54,00:17:33,48,51,125,2,0,0,0,35,0,0,18,12,5,22,0,0,2,0,10,0,23,0,0,0,2,2,2,6,0,0,0,2,0,0,5,0,0,0,0,0,3,0,0,0,2,0,2,0,0,0,0,2,0,0,0,0,0,0,0,0,0,0,0,0,0,0,0,0,0,0,0,R2_Work
11:11:17,00:08:27,0,57,60,0,0,0,0,50,0,0,17,12,5,22,0,0,2,0,0,0,23,0,0,0,2,2,1,6,0,0,0,0,0,0,0,0,0,0,0,0,3,0,0,0,0,0,0,0,0,1,0,0,0,0,0,0,0,0,0,0,0,0,0,0,0,0,0,0,0,0,0,Meal_Preparation
11:51:47,00:04:21,0,0,0,3,23,0,0,0,0,0,0,0,0,0,0,13,0,0,1,0,0,0,0,0,0,0,0,0,0,0,0,0,4,0,8,0,0,0,0,0,0,0,0,0,0,0,0,0,0,0,0,0,0,0,0,0,0,0,0,0,0,0,0,0,0,0,0,0,0,0,0,R1_Personal_Hygiene
13:05:24,04:36:59,0,62,0,0,0,0,0,25,0,224,12,0,9,14,38,0,16,0,0,14,4,0,3,0,8,15,4,8,0,0,0,0,0,0,0,0,0,0,0,2,0,0,0,0,0,0,0,0,5,0,0,0,0,0,0,0,0,1,0,0,0,0,0,0,0,0,0,0,0,0,0,Meal_Preparation
17:03:57,01:56:32,0,73,0,0,0,0,0,35,0,145,13,5,31,22,117,0,93,0,0,68,4,0,21,0,10,32,1,10,0,8,0,1,0,2,0,0,0,0,0,4,0,0,0,0,0,0,0,0,0,0,0,0,2,0,0,0,0,2,3,0,0,0,0,2,0,0,0,0,0,0,0,Watch_TV
18:09:13,00:36:39,0,64,0,0,0,0,0,28,0,65,13,5,31,14,30,0,34,0,0,34,4,0,4,0,9,11,0,8,0,8,0,0,0,0,0,0,0,0,0,0,0,0,0,0,0,0,0,0,0,0,0,0,2,0,0,0,0,0,3,0,0,0,0,2,0,0,0,0,0,0,0,Meal_Preparation
19:03:56,00:41:24,149,0,206,0,0,0,0,0,0,0,0,0,0,0,0,0,0,0,5,0,0,0,0,0,0,0,0,0,0,0,0,0,0,0,0,0,0,0,0,0,0,0,0,0,0,0,0,0,0,0,0,0,0,0,0,0,0,0,0,0,0,0,0,0,0,0,0,0,0,0,0,R2_Work
19:15:20,00:34:31,194,0,126,0,0,0,0,0,0,0,0,0,0,0,0,0,0,0,5,0,0,0,0,0,0,0,0,0,0,0,0,0,0,0,0,0,0,0,0,0,0,0,0,0,0,0,0,0,0,0,0,0,0,0,0,0,0,0,0,0,0,0,0,0,0,0,0,0,0,0,0,R1_Work
19:55:08,00:13:01,0,51,0,0,0,0,0,27,0,12,22,9,20,17,0,0,11,0,0,0,14,0,1,0,6,3,12,8,0,2,0,0,0,0,0,0,0,0,0,0,0,0,0,0,0,0,1,0,0,0,0,0,0,0,0,0,1,0,0,0,0,0,0,0,0,0,0,0,0,0,0,Meal_Preparation
07:31:27,08:40:37,0,200,0,0,0,0,0,131,0,8,63,21,98,87,0,0,77,0,0,4,62,0,220,0,20,5,18,38,0,0,0,5,0,37,0,0,0,2,0,2,9,2,0,0,3,0,2,0,2,0,2,2,2,0,0,0,0,1,0,4,0,0,0,0,0,0,0,0,0,0,0,Meal_Preparation
15:41:22,00:32:43,0,34,0,0,0,0,0,21,0,8,6,24,24,22,0,0,6,0,0,6,22,0,220,0,4,6,0,0,0,0,0,0,0,37,0,0,0,3,0,3,7,0,0,0,0,0,0,0,0,0,0,0,0,0,0,0,0,2,0,4,0,0,0,0,0,0,0,0,0,0,0,Watch_TV
07:14:21,00:13:33,0,8,0,0,0,0,0,8,0,4,4,0,0,2,0,0,2,0,0,0,0,0,0,0,0,2,2,2,0,0,0,0,0,0,0,0,0,0,0,0,0,0,0,0,0,0,0,0,0,0,0,0,0,0,0,0,0,0,0,0,0,0,0,0,0,0,0,0,0,0,0,Meal_Preparation
08:27:11,12:01:36,0,139,0,0,0,0,0,104,0,13,61,2,60,47,0,0,51,0,0,0,34,0,2,0,12,2,28,30,0,0,0,0,0,0,0,4,0,0,0,0,6,0,0,0,0,0,0,0,5,0,0,0,0,0,0,0,0,0,0,0,0,0,0,0,0,0,0,0,0,0,0,Meal_Preparation
20:28:48,00:43:18,0,40,0,0,0,0,0,30,0,42,6,2,0,19,50,0,9,0,0,19,11,0,92,0,2,19,0,6,0,0,0,0,0,34,0,0,0,2,0,6,5,0,0,0,0,0,0,0,0,0,0,0,0,0,0,0,0,2,0,0,0,0,0,0,0,0,0,0,0,0,0,Watch_TV
08:46:00,02:45:49,0,52,0,0,0,0,0,18,0,34,40,0,0,9,0,0,12,0,0,0,8,0,0,0,12,0,32,4,0,0,0,6,0,0,0,0,0,0,0,0,6,0,0,0,0,0,1,0,3,0,0,0,0,0,0,0,0,0,0,0,0,0,0,0,0,0,0,0,0,0,0,Meal_Preparation
17:08:48,04:40:19,0,83,0,0,0,0,0,70,0,83,36,0,33,46,68,0,94,0,0,58,0,0,0,0,10,39,14,14,0,0,0,3,0,0,0,0,0,13,0,4,19,0,0,0,0,0,0,0,0,0,0,0,0,0,0,0,0,1,0,0,0,0,0,0,0,0,0,0,0,0,0,Meal_Preparation
17:25:04,01:53:35,0,45,0,0,0,0,0,63,0,42,8,0,0,41,68,0,93,0,0,58,0,0,0,0,6,38,1,14,0,0,0,1,0,0,0,0,0,13,0,4,17,0,0,0,0,0,0,0,0,0,0,0,0,0,0,0,0,1,0,0,0,0,0,0,0,0,0,0,0,0,0,Watch_TV
08:11:33,00:36:30,0,94,0,0,0,0,0,44,0,0,46,11,74,23,0,0,13,0,0,1,18,0,0,0,8,6,6,8,0,0,0,2,0,0,0,14,0,0,0,0,6,0,0,0,0,0,0,0,0,0,0,0,0,0,0,0,0,0,0,1,0,0,0,0,0,0,0,0,0,0,0,Meal_Preparation
17:23:48,00:32:46,0,0,0,0,0,0,0,0,0,0,0,0,0,0,124,0,18,0,0,246,0,0,16,0,0,2,0,0,0,0,0,0,0,0,0,0,0,0,0,0,0,0,0,0,0,0,0,0,0,0,0,0,0,0,0,0,0,0,0,0,0,0,0,0,0,0,0,0,0,0,0,Study
19:13:57,00:01:09,0,0,0,0,12,0,0,0,0,0,0,0,0,0,0,8,0,0,3,0,0,0,0,0,0,0,0,0,0,0,10,0,7,0,7,0,0,0,0,0,0,0,0,4,0,1,0,0,0,0,0,0,0,0,0,0,0,0,0,0,0,0,0,0,0,0,0,0,0,0,0,R1_Personal_Hygiene
20:42:05,01:58:09,837,0,0,0,0,0,43,0,36,0,0,0,0,0,0,0,0,0,6,0,0,0,0,0,0,0,0,0,0,0,0,0,4,0,1,0,0,0,1,0,0,0,9,0,0,1,0,0,0,5,0,0,0,0,0,0,0,0,0,0,0,0,0,0,0,0,0,0,0,0,0,R1_Work
21:02:05,10:00:29,700,0,0,129,95,195,203,0,179,0,0,0,0,0,0,24,0,24,15,0,0,44,0,19,0,0,0,0,0,0,14,0,20,0,9,0,0,0,1,0,0,0,25,0,0,4,0,0,0,5,0,0,0,0,0,0,0,0,0,0,0,0,0,0,0,0,0,0,0,0,0,R2_Sleep
22:41:08,09:53:48,0,42,174,154,353,210,161,14,143,4,10,0,0,0,0,140,0,81,13,0,0,77,0,35,2,0,4,6,12,0,24,3,16,0,9,0,12,0,7,0,0,6,17,8,3,4,3,0,2,0,2,2,0,0,0,0,0,0,0,0,0,0,0,0,0,0,0,0,0,0,0,R1_Sleep
22:58:03,00:02:50,0,0,0,7,10,4,0,0,0,0,0,0,0,0,0,4,0,4,2,0,0,4,0,4,0,0,0,0,0,0,4,0,6,0,4,0,0,0,0,0,0,0,0,0,0,3,0,0,0,0,0,0,0,0,0,0,0,0,0,0,0,0,0,0,0,0,0,0,0,0,0,R1_Bed_to_Toilet
23:19:23,00:03:48,0,0,0,0,17,0,0,0,0,0,0,0,0,0,0,4,0,4,2,0,0,8,0,3,0,0,0,0,0,0,2,0,2,0,1,0,0,0,0,0,0,0,0,0,0,0,0,0,0,0,0,0,0,0,0,0,0,0,0,0,0,0,0,0,0,0,0,0,0,0,0,R1_Bed_to_Toilet
00:28:23,00:03:48,0,0,0,0,17,0,0,0,0,0,0,0,0,0,0,4,0,4,2,0,0,8,0,3,0,0,0,0,0,0,2,0,2,0,1,0,0,0,0,0,0,0,0,0,0,0,0,0,0,0,0,0,0,0,0,0,0,0,0,0,0,0,0,0,0,0,0,0,0,0,0,R1_Bed_to_Toilet
01:17:23,00:03:48,0,0,0,0,17,0,0,0,0,0,0,0,0,0,0,4,0,4,2,0,0,8,0,3,0,0,0,0,0,0,2,0,2,0,1,0,0,0,0,0,0,0,0,0,0,0,0,0,0,0,0,0,0,0,0,0,0,0,0,0,0,0,0,0,0,0,0,0,0,0,0,R1_Bed_to_Toilet
03:00:23,00:03:48,0,0,0,0,17,0,0,0,0,0,0,0,0,0,0,4,0,4,1,0,0,8,0,3,0,0,0,0,0,0,2,0,2,0,1,0,0,0,0,0,0,0,0,0,0,0,0,0,0,0,0,0,0,0,0,0,0,0,0,0,0,0,0,0,0,0,0,0,0,0,0,R1_Bed_to_Toilet
05:35:23,00:03:48,0,0,0,0,17,0,0,0,0,0,0,0,0,0,0,4,0,4,1,0,0,8,0,3,0,0,0,0,0,0,2,0,2,0,1,0,0,0,0,0,0,0,0,0,0,0,0,0,0,0,0,0,0,0,0,0,0,0,0,0,0,0,0,0,0,0,0,0,0,0,0,R1_Bed_to_Toilet
07:02:56,00:01:53,0,0,0,0,3,0,0,0,0,0,0,0,0,0,0,3,0,4,0,0,0,8,0,10,0,0,0,0,1,0,3,0,0,0,0,0,2,0,2,0,0,1,0,2,0,0,0,0,0,0,0,0,0,0,0,0,0,0,0,0,0,0,0,0,0,0,0,0,0,0,0,R2_Bed_to_Toilet
07:05:06,00:06:29,0,41,0,0,0,0,0,14,0,4,9,0,0,0,0,0,0,0,0,0,0,0,0,0,2,0,3,6,0,0,0,2,0,0,0,0,0,0,0,0,0,0,0,0,1,0,1,0,2,0,0,0,0,0,0,0,0,0,0,0,0,0,0,0,0,0,0,0,0,0,0,Meal_Preparation
07:14:44,00:23:19,0,0,0,0,37,0,1,0,0,0,0,0,0,0,0,26,0,29,0,0,0,15,0,2,0,0,0,0,2,0,3,0,0,0,0,0,2,0,2,0,0,1,1,2,0,0,0,0,0,0,0,0,0,0,0,0,0,0,0,0,0,0,0,0,0,0,0,0,0,0,0,R2_Personal_Hygiene
07:39:13,00:25:47,0,0,0,0,218,0,0,0,0,0,0,0,0,0,0,87,0,24,0,0,0,10,0,4,0,0,0,0,2,0,3,0,0,0,0,0,6,0,1,0,0,2,0,2,0,0,0,0,0,0,0,0,0,0,0,0,0,0,0,0,0,0,0,0,0,0,0,0,0,0,0,R2_Personal_Hygiene
08:05:10,00:52:04,1,0,298,25,52,15,0,0,0,0,0,0,0,0,0,11,0,29,1,0,0,12,0,14,0,0,0,0,4,0,4,0,5,0,4,0,0,0,0,0,0,0,0,0,0,1,0,0,0,2,0,0,0,0,0,0,0,0,0,0,0,0,0,0,0,0,0,0,0,0,0,R2_Work
08:35:46,00:01:34,1,0,13,0,2,0,0,0,0,0,0,0,0,0,0,2,0,3,0,0,0,6,0,10,0,0,0,0,0,0,2,0,4,0,2,0,0,0,0,0,0,0,0,0,0,0,0,0,0,0,0,0,0,0,0,0,0,0,0,0,0,0,0,0,0,0,0,0,0,0,0,R1_Bed_to_Toilet
08:37:25,00:17:43,0,0,90,0,50,0,0,0,0,0,0,0,0,0,0,9,0,26,1,0,0,6,0,4,0,0,0,0,0,0,2,0,1,0,2,0,0,0,0,0,0,0,0,0,0,1,0,0,0,0,0,0,0,0,0,0,0,0,0,0,0,0,0,0,0,0,0,0,0,0,0,R1_Personal_Hygiene
17:00:16,00:09:05,0,0,60,0,0,0,0,0,0,0,0,0,0,0,0,0,0,0,0,0,0,0,0,0,0,0,0,0,0,0,0,0,0,0,0,0,0,0,0,0,0,0,0,0,0,0,0,0,0,0,0,0,0,0,0,0,0,0,0,0,0,0,0,0,0,0,0,0,0,0,0,R2_Work
17:18:01,01:20:17,0,162,0,0,0,0,0,97,0,145,64,0,31,53,83,0,71,0,0,84,1,0,0,0,24,51,19,28,0,0,0,0,0,0,0,11,0,11,0,4,2,0,0,0,0,0,0,2,4,0,0,0,2,4,0,0,0,1,0,0,0,0,0,0,0,0,0,0,0,0,0,Meal_Preparation
17:18:03,01:53:45,0,162,100,0,0,0,0,96,0,145,64,0,31,52,85,0,77,0,0,89,1,0,0,0,24,55,19,28,0,0,0,0,0,0,0,11,0,11,0,6,2,0,0,0,0,0,0,2,4,0,0,0,2,4,0,0,0,2,0,0,0,0,0,0,0,0,0,0,0,0,0,Watch_TV
18:46:58,02:46:09,686,0,579,0,27,0,0,0,0,0,0,0,0,0,2,4,6,0,2,5,0,0,0,0,0,5,0,0,1,0,3,0,0,0,1,0,0,0,0,2,0,1,0,0,0,0,0,0,0,2,1,0,0,0,0,0,0,1,0,0,0,0,0,0,0,0,0,0,0,0,0,R2_Work
19:13:02,00:05:08,0,0,12,0,27,0,0,0,0,0,0,0,0,0,0,4,0,0,0,0,0,0,0,0,0,0,0,0,0,0,3,0,0,0,1,0,0,0,0,0,0,1,0,0,0,0,0,0,0,0,1,0,0,0,0,0,0,0,0,0,0,0,0,0,0,0,0,0,0,0,0,R1_Personal_Hygiene
19:21:08,03:16:47,1102,0,467,0,0,0,97,0,28,0,0,0,0,0,0,0,0,0,2,0,0,0,0,0,0,0,0,0,1,0,0,0,0,0,0,0,0,0,0,0,0,0,0,0,0,0,0,0,0,2,0,0,0,0,0,0,0,0,0,0,0,0,0,0,0,0,0,0,0,0,0,R1_Work
21:34:06,10:08:55,410,0,0,235,82,251,253,0,173,0,0,0,0,0,0,24,0,24,10,0,0,44,0,22,0,0,0,0,3,0,16,0,10,0,8,0,4,0,4,0,0,0,1,2,0,0,0,0,0,2,0,0,0,0,0,0,0,0,0,0,0,0,0,0,0,0,0,0,0,0,0,R2_Sleep
22:38:01,00:02:03,0,0,0,2,10,0,0,0,0,0,0,0,0,0,0,4,0,4,2,0,0,6,0,6,0,0,0,0,0,0,4,0,2,0,4,0,0,0,0,0,0,0,0,0,0,0,0,0,0,0,0,0,0,0,0,0,0,0,0,0,0,0,0,0,0,0,0,0,0,0,0,R1_Bed_to_Toilet
22:41:57,09:02:50,0,0,0,239,72,253,156,0,145,0,0,0,0,0,0,20,0,20,8,0,0,38,0,16,0,0,0,0,3,0,12,0,8,0,4,0,4,0,4,0,0,0,1,2,0,0,0,0,0,2,0,0,0,0,0,0,0,0,0,0,0,0,0,0,0,0,0,0,0,0,0,R1_Sleep
23:49:23,00:03:48,0,0,0,0,17,0,0,0,0,0,0,0,0,0,0,4,0,4,1,0,0,8,0,3,0,0,0,0,0,0,2,0,2,0,1,0,0,0,0,0,0,0,0,0,0,0,0,0,0,0,0,0,0,0,0,0,0,0,0,0,0,0,0,0,0,0,0,0,0,0,0,R1_Bed_to_Toilet
01:47:23,00:03:48,0,0,0,0,17,0,0,0,0,0,0,0,0,0,0,4,0,4,2,0,0,8,0,3,0,0,0,0,0,0,2,0,2,0,1,0,0,0,0,0,0,0,0,0,0,0,0,0,0,0,0,0,0,0,0,0,0,0,0,0,0,0,0,0,0,0,0,0,0,0,0,R1_Bed_to_Toilet
03:48:23,00:03:48,0,0,0,0,17,0,0,0,0,0,0,0,0,0,0,4,0,4,1,0,0,8,0,3,0,0,0,0,0,0,2,0,2,0,1,0,0,0,0,0,0,0,0,0,0,0,0,0,0,0,0,0,0,0,0,0,0,0,0,0,0,0,0,0,0,0,0,0,0,0,0,R1_Bed_to_Toilet
06:14:23,00:03:48,0,0,0,0,17,0,0,0,0,0,0,0,0,0,0,4,0,4,1,0,0,8,0,3,0,0,0,0,0,0,2,0,2,0,1,0,0,0,0,0,0,0,0,0,0,0,0,0,0,0,0,0,0,0,0,0,0,0,0,0,0,0,0,0,0,0,0,0,0,0,0,R1_Bed_to_Toilet
06:59:19,00:01:29,0,0,0,0,4,0,1,0,1,0,0,0,0,0,0,4,0,4,0,0,0,6,0,4,0,0,0,0,3,0,4,0,0,0,0,0,4,0,4,0,0,0,1,2,0,0,0,0,0,2,0,0,0,0,0,0,0,0,0,0,0,0,0,0,0,0,0,0,0,0,0,R2_Bed_to_Toilet
07:45:29,00:15:25,0,0,0,2,6,0,0,0,0,0,0,0,0,0,0,4,0,15,0,0,0,4,0,4,0,0,0,0,0,0,3,0,2,0,3,0,0,0,0,0,0,0,0,0,0,1,0,0,0,0,0,0,0,0,0,0,0,0,0,0,0,0,0,0,0,0,0,0,0,0,0,R1_Bed_to_Toilet
08:01:11,00:06:24,0,0,0,0,28,0,0,0,0,0,0,0,0,0,0,4,0,6,1,0,0,3,0,2,0,0,0,0,0,0,4,0,2,0,4,0,0,0,0,0,0,1,0,0,0,0,0,0,0,0,0,0,0,0,0,0,0,0,0,0,0,0,0,0,0,0,0,0,0,0,0,R1_Personal_Hygiene
08:21:02,00:10:30,0,11,0,0,0,0,0,11,0,0,4,0,12,6,0,0,3,0,0,0,2,0,0,0,3,3,0,6,0,0,0,0,0,0,0,2,0,0,0,0,0,0,0,0,0,0,0,0,0,0,0,0,0,0,0,0,0,0,0,0,0,0,0,0,0,0,0,0,0,0,0,Meal_Preparation
17:16:55,05:29:02,465,322,53,0,0,0,0,377,0,158,84,14,98,83,42,0,213,0,29,89,25,0,263,0,28,75,7,32,2,0,0,1,0,45,1,2,0,3,0,5,0,0,0,0,1,0,0,0,8,0,0,0,4,0,0,1,0,2,0,4,0,0,0,0,0,0,0,0,0,0,0,Watch_TV
17:23:41,03:05:42,0,322,0,0,0,0,0,376,0,158,84,14,98,82,18,0,159,0,0,64,25,0,255,0,28,56,7,32,0,0,0,0,0,45,0,2,0,0,0,0,0,0,0,0,0,0,0,0,8,0,0,0,4,0,0,0,0,0,0,4,0,0,0,0,0,0,0,0,0,0,0,Meal_Preparation
20:43:16,01:59:57,465,0,53,0,0,0,0,0,0,0,0,0,0,0,10,0,24,0,29,0,0,0,4,0,0,0,0,0,2,0,0,0,0,0,1,0,0,0,0,0,0,0,0,0,0,0,0,0,0,0,0,0,0,0,0,0,0,0,0,0,0,0,0,0,0,0,0,0,0,0,0,R1_Work
20:57:49,00:15:32,63,0,53,0,0,0,0,0,0,0,0,0,0,0,0,0,0,0,4,0,0,0,0,0,0,0,0,0,2,0,0,0,0,0,0,0,0,0,0,0,0,0,0,0,0,0,0,0,0,0,0,0,0,0,0,0,0,0,0,0,0,0,0,0,0,0,0,0,0,0,0,R2_Work
22:46:24,08:00:34,0,0,0,177,68,230,85,0,49,0,0,0,0,0,0,16,0,16,8,0,0,32,0,12,0,0,0,0,0,0,8,0,8,0,4,0,0,0,0,0,0,0,0,0,0,0,0,0,0,0,0,0,0,0,0,0,0,0,0,0,0,0,0,0,0,0,0,0,0,0,0,R1_Sleep
23:23:23,00:03:48,0,0,0,0,17,0,0,0,0,0,0,0,0,0,0,4,0,4,1,0,0,8,0,3,0,0,0,0,0,0,2,0,2,0,1,0,0,0,0,0,0,0,0,0,0,0,0,0,0,0,0,0,0,0,0,0,0,0,0,0,0,0,0,0,0,0,0,0,0,0,0,R1_Bed_to_Toilet
23:54:46,07:20:14,0,8,0,84,96,43,96,10,59,0,3,0,0,2,0,26,4,26,9,0,2,32,0,16,2,0,0,4,0,0,16,2,17,0,18,0,0,0,0,0,0,1,1,0,2,0,2,0,0,0,1,0,0,0,0,0,0,0,0,0,0,0,0,0,0,0,0,0,0,0,0,R2_Sleep
01:40:23,00:03:48,0,0,0,0,17,0,0,0,0,0,0,0,0,0,0,4,0,4,1,0,0,8,0,3,0,0,0,0,0,0,2,0,2,0,1,0,0,0,0,0,0,0,0,0,0,0,0,0,0,0,0,0,0,0,0,0,0,0,0,0,0,0,0,0,0,0,0,0,0,0,0,R1_Bed_to_Toilet
03:05:23,00:03:48,0,0,0,0,17,0,0,0,0,0,0,0,0,0,0,4,0,4,1,0,0,8,0,3,0,0,0,0,0,0,2,0,2,0,1,0,0,0,0,0,0,0,0,0,0,0,0,0,0,0,0,0,0,0,0,0,0,0,0,0,0,0,0,0,0,0,0,0,0,0,0,R1_Bed_to_Toilet
05:39:23,00:03:48,0,0,0,0,17,0,0,0,0,0,0,0,0,0,0,4,0,4,2,0,0,8,0,3,0,0,0,0,0,0,2,0,2,0,1,0,0,0,0,0,0,0,0,0,0,0,0,0,0,0,0,0,0,0,0,0,0,0,0,0,0,0,0,0,0,0,0,0,0,0,0,R1_Bed_to_Toilet
06:47:17,00:15:22,0,0,0,0,26,0,4,0,4,0,0,0,0,0,0,6,0,14,0,0,0,8,0,7,0,0,0,0,0,0,2,0,2,0,5,0,0,0,0,0,0,0,0,0,0,0,0,0,0,0,0,0,0,0,0,0,0,0,0,0,0,0,0,0,0,0,0,0,0,0,0,R1_Bed_to_Toilet
07:08:20,00:03:55,0,0,0,6,19,0,1,0,1,0,0,0,0,0,0,8,0,0,3,0,0,0,0,0,0,0,0,0,0,0,6,0,7,0,8,0,0,0,0,0,0,0,0,0,0,0,0,0,0,0,0,0,0,0,0,0,0,0,0,0,0,0,0,0,0,0,0,0,0,0,0,R1_Personal_Hygiene
07:13:13,00:17:57,0,19,0,0,19,0,4,22,2,4,4,0,7,15,0,4,22,21,0,0,10,16,0,4,2,0,0,8,2,0,2,2,0,0,0,7,0,0,2,0,0,0,2,0,1,0,1,0,2,0,0,0,0,0,0,0,0,0,0,0,0,0,0,0,0,0,0,0,0,0,0,Meal_Preparation
07:15:00,00:01:57,0,0,0,0,5,0,1,0,0,0,0,0,0,0,0,2,0,4,0,0,0,7,0,4,0,0,0,0,2,0,2,0,0,0,0,0,0,0,2,0,0,0,1,0,0,0,0,0,0,0,0,0,0,0,0,0,0,0,0,0,0,0,0,0,0,0,0,0,0,0,0,R2_Bed_to_Toilet
07:17:02,00:16:00,0,11,0,0,22,0,0,12,0,4,1,0,7,12,0,17,18,17,0,0,8,9,0,0,0,0,1,4,0,0,1,1,0,0,0,7,0,0,1,0,0,0,0,1,0,0,0,0,2,0,0,0,0,0,0,0,0,0,0,0,0,0,0,0,0,0,0,0,0,0,0,R2_Personal_Hygiene
08:14:49,00:37:01,0,198,0,0,0,0,0,40,0,41,27,0,50,8,0,0,1,0,0,1,6,0,0,0,18,0,0,18,0,0,0,0,0,0,0,3,0,0,0,0,0,0,0,0,0,0,0,0,0,0,0,0,2,0,0,0,0,0,0,0,0,0,0,0,0,0,0,0,0,0,0,Meal_Preparation
11:36:19,01:22:47,0,94,0,0,0,0,0,44,0,10,35,0,44,40,0,0,1,0,0,3,2,0,0,0,18,5,5,2,0,0,0,0,0,0,0,0,0,0,0,0,0,0,0,0,1,0,0,0,8,0,0,0,0,0,0,0,0,0,0,0,0,0,0,0,0,0,0,0,0,0,0,Meal_Preparation
17:00:10,00:22:36,202,0,0,0,0,0,0,0,0,0,0,0,0,0,0,0,0,0,0,0,0,0,0,0,0,0,0,0,0,0,0,0,0,0,0,0,0,0,0,0,0,0,0,0,0,0,0,0,0,0,0,0,0,0,0,0,0,0,0,0,0,0,0,0,0,0,0,0,0,0,0,R1_Work
18:21:58,00:16:31,1,80,0,0,0,0,0,69,0,13,18,0,42,22,0,0,0,0,1,0,19,0,0,0,6,0,5,6,0,0,0,0,0,0,0,7,0,0,0,0,4,0,0,0,1,0,0,0,2,0,0,0,0,0,0,0,0,0,0,0,0,0,0,0,0,0,0,0,0,0,0,Meal_Preparation
18:36:24,01:24:26,28,13,0,0,0,0,0,7,0,0,7,0,15,5,0,0,0,0,29,0,6,0,0,0,2,0,4,0,0,0,0,0,0,0,0,7,0,0,0,0,0,0,0,0,1,0,0,0,0,0,0,0,0,0,0,0,0,0,0,0,0,0,0,0,0,0,0,0,0,0,0,R1_Work
20:01:03,08:25:40,0,0,174,161,0,174,263,0,97,0,0,0,0,0,0,0,0,0,0,0,0,0,0,0,0,0,0,0,5,0,0,0,0,0,0,0,0,0,0,0,0,0,0,0,0,0,0,0,0,0,0,0,0,0,0,0,0,0,0,0,0,0,0,0,0,0,0,0,0,0,0,R1_Sleep
20:01:29,01:08:54,0,0,174,43,0,78,0,0,0,0,0,0,0,0,0,0,0,0,0,0,0,0,0,0,0,0,0,0,5,0,0,0,0,0,0,0,0,0,0,0,0,0,0,0,0,0,0,0,0,0,0,0,0,0,0,0,0,0,0,0,0,0,0,0,0,0,0,0,0,0,0,R2_Work
21:10:28,10:48:49,512,0,0,118,111,94,349,0,193,0,0,0,0,0,0,50,0,32,55,0,0,22,0,20,0,0,0,0,0,0,21,0,7,0,18,0,0,0,0,0,0,0,0,0,0,0,0,0,0,0,0,0,0,0,0,0,0,0,0,0,0,0,0,0,0,0,0,0,0,0,0,R2_Sleep
04:27:51,01:55:33,512,0,0,1,111,0,46,0,53,0,0,0,0,0,0,50,0,32,55,0,0,22,0,20,0,0,0,0,0,0,21,0,7,0,18,0,0,0,0,0,0,0,0,0,0,0,0,0,0,0,0,0,0,0,0,0,0,0,0,0,0,0,0,0,0,0,0,0,0,0,0,R1_Work
05:28:16,00:15:24,0,0,0,0,8,0,2,0,4,0,0,0,0,0,0,8,0,20,1,0,0,14,0,16,0,0,0,0,0,0,4,0,3,0,4,0,0,0,0,0,0,0,0,0,0,0,0,0,0,0,0,0,0,0,0,0,0,0,0,0,0,0,0,0,0,0,0,0,0,0,0,R1_Bed_to_Toilet
05:44:35,00:17:25,0,0,0,1,103,0,2,0,6,0,0,0,0,0,0,42,0,12,1,0,0,8,0,4,0,0,0,0,0,0,17,0,4,0,14,0,0,0,0,0,0,0,0,0,0,0,0,0,0,0,0,0,0,0,0,0,0,0,0,0,0,0,0,0,0,0,0,0,0,0,0,R1_Personal_Hygiene
07:59:18,00:02:16,0,0,0,0,10,0,0,0,0,3,0,0,0,0,0,4,0,4,0,0,0,8,0,8,0,0,0,0,3,0,4,0,0,0,0,0,4,0,2,0,0,2,1,4,0,0,0,0,0,0,0,0,0,0,0,0,0,0,0,0,0,0,0,0,0,0,0,0,0,0,0,R2_Bed_to_Toilet
08:10:21,00:39:28,0,123,0,0,0,0,0,49,0,23,37,8,74,32,1,0,6,0,0,2,13,0,3,0,10,4,3,10,0,0,0,0,0,0,0,3,0,0,0,0,0,0,0,0,0,0,1,0,0,0,0,0,0,0,0,0,0,0,0,0,0,0,0,0,0,0,0,0,0,0,0,Meal_Preparation
12:00:01,00:34:29,0,0,161,0,0,0,0,0,0,0,0,0,0,0,0,0,0,0,0,0,0,0,0,0,0,0,0,0,0,0,0,0,0,0,0,0,0,0,0,0,0,0,0,0,0,0,0,0,0,0,0,0,0,0,0,0,0,0,0,0,0,0,0,0,0,0,0,0,0,0,0,R2_Work
14:04:11,01:18:39,442,0,0,0,0,0,0,0,0,0,0,0,0,0,0,0,0,0,30,0,0,0,0,0,0,0,0,0,0,0,0,0,0,0,0,0,0,0,0,0,0,0,0,0,0,0,0,0,0,0,0,0,0,0,0,0,0,0,0,0,0,0,0,0,0,0,0,0,0,0,0,R1_Work
17:50:01,00:35:54,0,132,0,0,0,0,0,85,0,34,31,47,10,57,2,0,1,0,0,0,30,0,0,0,8,0,2,18,0,0,0,0,0,3,0,0,0,0,0,0,16,0,0,0,0,0,0,0,6,0,0,0,0,0,0,0,0,0,0,0,0,0,0,0,0,0,0,0,0,0,0,Meal_Preparation
22:07:56,00:20:24,2,0,0,2,137,0,0,0,0,0,0,0,0,0,0,126,0,6,5,0,0,4,0,6,0,0,0,0,3,0,4,0,3,0,2,0,2,0,0,0,0,2,0,0,0,0,0,0,0,0,0,0,0,0,0,0,0,0,0,0,0,0,0,0,0,0,0,0,1,0,0,R2_Personal_Hygiene
00:38:40,07:04:50,0,0,0,261,0,250,0,0,0,0,0,0,0,0,0,0,0,0,0,0,0,0,0,0,0,0,0,0,0,0,0,0,0,0,0,0,0,0,0,0,0,0,0,0,0,0,0,0,0,0,0,0,0,0,0,0,0,0,0,0,0,0,0,0,0,0,0,0,0,0,0,R1_Sleep
00:38:40,07:04:50,0,0,0,261,0,250,0,0,0,0,0,0,0,0,0,0,0,0,0,0,0,0,0,0,0,0,0,0,0,0,0,0,0,0,0,0,0,0,0,0,0,0,0,0,0,0,0,0,0,0,0,0,0,0,0,0,0,0,0,0,0,0,0,0,0,0,0,0,0,0,0,R2_Sleep
07:34:41,00:01:31,0,0,0,2,6,0,0,0,0,0,0,0,0,0,0,4,0,4,0,0,0,4,0,6,0,0,0,0,2,0,4,0,0,0,0,0,4,0,2,0,0,0,0,2,0,0,0,0,0,0,0,0,0,0,0,0,0,0,0,0,0,0,0,0,0,0,0,0,0,0,0,R2_Bed_to_Toilet
07:45:44,00:01:28,0,0,0,0,3,0,0,0,0,0,0,0,0,0,0,2,0,4,0,0,0,4,0,4,0,0,0,0,0,0,0,0,2,0,2,0,0,0,0,0,0,0,0,0,0,0,0,0,0,0,0,0,0,0,0,0,0,0,0,0,0,0,0,0,0,0,0,0,0,0,0,R1_Bed_to_Toilet
07:54:53,00:07:04,0,0,0,0,29,0,0,0,0,0,0,0,0,0,0,6,0,24,0,0,0,6,0,4,0,0,0,0,0,0,0,0,1,0,1,0,0,0,0,0,0,0,0,0,0,0,0,0,0,0,0,0,0,0,0,0,0,0,0,0,0,0,0,0,0,0,0,0,0,0,0,R1_Personal_Hygiene
08:09:52,00:08:08,0,50,0,0,0,0,0,45,0,2,21,2,2,13,0,0,9,0,0,0,8,0,0,0,6,1,8,14,0,0,0,0,0,0,0,0,0,0,0,0,4,0,0,0,0,0,0,7,0,0,0,0,0,0,0,0,0,0,0,0,0,0,0,0,0,0,0,0,0,0,0,Meal_Preparation
08:31:30,00:03:53,0,0,0,0,32,0,0,0,0,0,0,0,0,0,0,11,0,2,0,0,0,0,0,0,0,2,0,0,0,0,3,0,2,0,2,0,1,0,0,0,0,0,0,0,0,0,0,0,0,0,0,0,0,0,0,0,0,0,0,0,0,0,0,0,0,0,0,0,0,0,0,R1_Personal_Hygiene
08:35:28,02:15:04,0,0,346,0,166,0,0,0,0,2,0,0,0,0,0,53,0,33,0,0,0,16,0,8,0,0,0,0,29,0,3,0,0,0,0,0,3,0,2,0,0,0,0,0,0,0,0,0,0,0,0,0,0,0,0,0,0,0,0,0,0,0,0,0,0,0,0,0,0,0,0,R2_Work
09:23:03,00:45:46,0,0,0,0,166,0,0,0,0,2,0,0,0,0,0,53,0,33,0,0,0,16,0,8,0,0,0,0,1,0,3,0,0,0,0,0,3,0,2,0,0,0,0,0,0,0,0,0,0,0,0,0,0,0,0,0,0,0,0,0,0,0,0,0,0,0,0,0,0,0,0,R2_Personal_Hygiene
10:53:04,00:13:38,0,127,0,0,0,0,0,77,0,14,26,2,7,22,1,0,0,0,0,1,10,0,0,0,12,2,10,18,0,3,0,0,0,0,0,0,0,0,0,0,12,0,0,0,0,0,0,6,2,0,0,0,0,0,0,0,0,0,0,0,0,0,0,0,0,0,0,0,0,0,0,Meal_Preparation
14:29:55,00:23:12,0,4,0,0,0,0,0,4,0,0,2,0,0,4,14,0,47,0,0,26,0,0,0,0,2,6,0,0,0,0,0,0,0,0,0,0,0,1,0,3,0,0,0,0,0,0,0,0,0,0,0,0,0,0,0,0,0,2,0,0,0,0,0,0,0,0,0,0,0,0,0,Watch_TV
15:07:03,01:27:56,0,0,0,0,0,0,0,0,0,0,0,0,0,0,41,0,156,0,0,20,0,0,5,0,0,4,0,0,0,0,0,0,0,0,0,0,0,0,0,2,0,0,0,0,0,0,0,0,0,0,0,0,0,0,0,0,0,1,0,0,0,0,0,0,0,0,0,0,0,0,0,Watch_TV
16:35:04,01:16:33,0,73,0,0,0,0,0,21,0,6,70,0,60,10,0,0,0,0,0,0,4,0,0,0,42,0,5,2,0,0,0,1,0,0,0,18,0,0,0,0,0,0,0,0,0,0,0,0,2,0,0,0,2,0,0,0,0,0,0,0,0,0,0,0,0,0,0,0,0,0,0,Meal_Preparation
17:53:53,00:59:06,517,0,0,0,0,0,0,0,0,0,0,0,0,0,0,0,0,0,18,0,0,0,0,0,0,0,0,0,0,0,0,0,0,0,0,0,0,0,0,0,0,0,0,0,0,0,0,0,0,0,0,0,0,0,0,0,0,0,0,0,0,0,0,0,0,0,0,0,0,0,0,R1_Work
23:14:05,07:47:30,0,0,0,296,0,172,0,0,185,0,0,0,0,0,0,0,0,0,0,0,0,0,0,0,0,0,0,0,0,0,0,0,0,0,0,0,0,0,0,0,0,0,0,0,0,0,0,0,0,0,0,0,0,0,0,0,0,0,0,0,0,0,0,0,0,0,0,0,0,0,0,R1_Sleep
23:23:31,07:46:46,0,0,0,254,0,157,0,0,194,0,0,0,0,0,0,0,0,0,0,0,0,0,0,0,0,0,0,0,0,0,0,0,0,0,0,0,0,0,0,0,0,0,0,0,0,0,0,0,0,0,0,0,0,0,0,0,0,0,0,0,0,0,0,0,0,0,0,0,0,0,0,R2_Sleep
07:10:35,00:02:40,0,0,0,0,16,0,0,0,0,0,0,0,0,0,0,14,0,4,0,0,0,8,0,8,0,0,0,0,2,0,4,0,0,0,0,0,2,0,1,0,0,4,0,3,0,0,0,0,0,0,0,0,0,0,0,0,0,0,0,0,0,0,0,0,0,0,0,0,0,0,0,R2_Bed_to_Toilet
07:17:25,00:34:36,164,0,0,0,65,0,0,0,0,0,0,0,0,0,0,59,0,33,4,0,0,22,0,10,0,0,0,0,1,0,4,0,0,0,0,0,3,0,1,0,0,0,0,3,0,0,0,0,0,0,0,0,0,0,0,0,0,0,0,0,0,0,0,0,0,0,0,0,0,0,0,R2_Personal_Hygiene
07:32:58,00:24:59,189,0,0,0,53,0,0,0,0,0,0,0,0,0,0,47,0,20,4,0,0,8,0,4,0,0,0,0,0,0,2,0,0,0,0,0,1,0,0,0,0,0,0,1,0,0,0,0,0,0,0,0,0,0,0,0,0,0,0,0,0,0,0,0,0,0,0,0,0,0,0,R1_Work
07:58:00,00:03:21,0,0,0,0,12,0,0,0,0,0,0,0,0,0,0,4,0,4,0,0,0,4,0,12,0,0,0,0,0,0,4,0,2,0,2,0,0,0,0,0,0,1,0,0,0,0,0,0,0,0,1,0,0,0,0,0,0,0,0,0,0,0,0,0,0,0,0,0,0,0,0,R1_Bed_to_Toilet
08:01:34,00:01:23,0,19,0,0,0,0,0,11,0,0,8,0,0,0,0,0,0,0,0,0,0,0,0,0,0,0,0,6,0,0,0,0,0,0,0,0,0,0,0,0,0,0,0,0,0,0,0,0,0,0,0,0,0,0,0,0,0,0,0,0,0,0,0,0,0,0,0,0,0,0,0,Meal_Preparation
08:03:20,00:44:24,293,218,0,0,0,0,0,65,0,2,59,0,51,22,0,0,14,0,0,0,12,0,0,0,25,4,14,24,2,0,2,3,0,0,0,0,0,0,0,0,0,2,0,0,3,0,3,0,0,0,2,2,0,0,0,0,0,0,0,0,0,0,0,0,0,0,0,0,0,0,0,R1_Work
08:04:18,00:37:20,248,218,0,0,0,0,0,65,0,2,58,0,51,22,0,0,14,0,0,0,12,0,0,0,25,4,13,24,0,0,0,1,0,0,0,0,0,0,0,0,0,0,0,0,2,0,1,0,0,0,0,0,0,0,0,0,0,0,0,0,0,0,0,0,0,0,0,0,0,0,0,Meal_Preparation
08:47:45,00:27:32,0,0,0,1,91,0,0,0,0,0,0,0,0,0,0,17,0,40,0,0,0,4,0,10,0,0,0,0,0,0,9,0,2,0,2,0,0,0,0,0,0,0,0,0,0,0,0,0,0,0,0,0,0,0,0,0,0,0,0,0,0,0,0,0,0,0,0,0,0,0,0,R1_Personal_Hygiene
16:34:59,00:14:13,0,65,0,0,0,0,0,30,0,24,24,0,7,17,20,0,11,0,0,8,0,0,20,0,12,11,0,10,0,0,0,0,0,12,0,0,0,2,0,2,0,0,0,0,0,0,0,0,0,0,0,0,0,0,0,0,0,1,0,0,0,0,0,0,0,0,0,0,0,0,0,Meal_Preparation
16:35:20,04:02:56,0,61,0,0,0,0,0,29,0,24,24,0,7,16,405,0,271,0,0,169,0,0,177,0,12,141,0,10,0,25,0,0,0,110,0,0,0,70,0,59,0,0,0,0,0,0,0,0,0,0,0,0,0,0,0,0,0,2,0,0,0,0,0,0,0,0,0,0,0,0,0,Watch_TV
20:43:59,00:40:19,120,0,153,0,0,0,0,0,0,0,0,0,0,0,0,0,0,0,27,0,0,0,0,0,0,0,0,0,13,0,0,0,0,0,0,0,0,0,0,0,0,0,0,0,0,0,0,0,0,0,0,0,0,0,0,0,0,0,0,0,0,0,0,0,0,0,0,0,0,0,0,R2_Work
21:08:19,00:29:38,249,0,70,0,0,1,0,0,0,0,0,0,0,0,0,0,0,0,41,0,0,0,0,0,0,0,0,0,2,0,0,0,0,0,0,0,0,0,0,0,0,0,0,0,0,0,0,0,0,0,0,0,0,0,0,0,0,0,0,0,0,0,0,0,0,0,0,0,0,0,0,R1_Work
21:37:57,09:55:28,1,0,0,277,0,258,219,0,318,0,0,0,0,0,0,0,0,0,0,0,0,0,0,0,0,0,0,0,0,0,0,0,0,0,0,0,0,0,0,0,0,0,0,0,0,0,0,0,0,0,0,0,0,0,0,0,0,0,0,0,0,0,0,0,0,0,0,0,0,0,0,R1_Sleep
21:38:55,10:47:04,0,32,0,263,129,252,255,32,350,0,14,2,9,14,0,14,28,34,1,1,12,12,0,11,4,1,2,8,0,0,6,2,5,0,4,0,0,0,0,0,0,2,6,0,2,0,2,0,0,2,2,2,0,0,0,0,0,0,0,0,0,0,0,0,0,0,0,0,0,0,0,R2_Sleep
07:34:27,00:28:18,0,0,0,1,128,0,14,0,17,0,0,0,0,0,0,12,0,34,1,0,0,12,0,11,0,0,0,0,0,0,4,0,5,0,4,0,0,0,0,0,0,0,4,0,0,0,0,0,0,0,0,0,0,0,0,0,0,0,0,0,0,0,0,0,0,0,0,0,0,0,0,R1_Personal_Hygiene
08:10:05,00:17:24,0,32,0,0,7,0,22,31,15,0,12,2,12,16,1,4,29,4,0,1,12,2,0,2,4,1,0,7,1,0,2,0,0,0,0,0,2,0,1,0,0,0,2,2,0,0,0,0,0,2,0,0,0,0,0,0,0,0,0,0,0,0,0,0,0,0,0,0,0,0,0,Meal_Preparation
08:26:32,00:01:14,0,2,0,0,9,0,0,2,0,0,0,0,3,2,1,6,1,4,0,0,0,2,0,2,0,0,0,0,2,0,3,0,0,0,0,0,3,0,1,0,0,1,0,3,0,0,0,0,0,0,0,0,0,0,0,0,0,0,0,0,0,0,0,0,0,0,0,0,0,0,0,R2_Bed_to_Toilet
08:28:12,00:20:35,0,99,0,0,0,0,0,52,0,0,27,0,37,27,0,0,0,0,0,0,15,0,0,0,0,0,1,14,0,0,0,1,0,0,0,0,0,0,0,0,0,0,0,0,1,0,0,0,0,0,0,0,0,0,0,0,0,0,0,0,0,0,0,0,0,0,0,0,0,0,0,Meal_Preparation
08:49:28,00:03:40,0,0,1,0,12,0,0,0,0,0,0,0,0,0,0,10,0,8,0,0,0,8,0,10,0,0,0,0,3,0,4,0,0,0,0,0,2,0,2,0,0,2,0,4,0,0,0,0,0,0,0,0,0,0,0,0,0,0,0,0,0,0,0,0,0,0,0,0,0,0,0,R2_Personal_Hygiene
08:53:09,01:06:45,0,0,311,0,30,0,0,0,0,0,0,0,0,0,0,17,0,8,0,0,0,2,0,2,0,0,0,0,9,0,3,0,0,0,0,0,3,0,1,0,0,0,0,3,0,0,0,0,0,0,0,0,0,0,0,0,0,0,0,0,0,0,0,0,0,0,0,0,0,0,0,R2_Work
09:34:39,00:04:33,0,0,0,0,30,0,0,0,0,0,0,0,0,0,0,17,0,8,0,0,0,2,0,2,0,0,0,0,1,0,3,0,0,0,0,0,3,0,1,0,0,0,0,3,0,0,0,0,0,0,0,0,0,0,0,0,0,0,0,0,0,0,0,0,0,0,0,0,0,0,0,R2_Personal_Hygiene
18:02:42,01:42:33,0,78,0,0,0,0,0,33,0,23,35,0,72,24,88,0,21,0,0,28,13,0,10,0,8,12,11,10,0,18,0,2,0,0,0,0,0,1,0,6,0,0,0,0,0,0,0,0,2,0,0,0,0,2,0,0,0,2,0,0,0,0,0,0,0,0,0,0,0,0,0,Meal_Preparation
18:17:33,01:26:58,0,12,0,0,0,0,0,13,0,23,3,0,15,10,88,0,21,0,0,27,5,0,10,0,2,12,1,6,0,18,0,0,0,0,0,0,0,1,0,6,0,0,0,0,0,0,0,0,2,0,0,0,0,2,0,0,0,2,0,0,0,0,0,0,0,0,0,0,0,0,0,Watch_TV
19:45:27,01:06:28,91,0,187,0,0,0,0,0,0,0,0,0,0,0,0,0,0,0,13,0,0,0,0,0,0,0,0,0,19,0,0,0,0,0,0,0,0,0,0,0,0,0,0,0,0,0,0,0,0,0,0,0,0,0,0,0,0,0,0,0,0,0,0,0,0,0,0,0,0,0,0,R2_Work
20:34:03,00:57:32,227,0,12,0,0,0,60,0,26,0,0,0,0,0,0,0,0,0,24,0,0,0,0,0,0,0,0,0,11,0,0,0,0,0,0,0,0,0,0,0,0,0,0,0,0,0,0,0,0,0,0,0,0,0,0,0,0,0,0,0,0,0,0,0,0,0,0,0,0,0,0,R1_Work
21:00:21,10:10:06,95,0,0,208,0,242,216,0,209,0,0,0,0,0,0,0,0,0,8,0,0,0,0,0,0,0,0,0,0,0,0,0,0,0,0,0,0,0,0,0,0,0,0,0,0,0,0,0,0,0,0,0,0,0,0,0,0,0,0,0,0,0,0,0,0,0,0,0,0,0,0,R2_Sleep
21:41:35,09:10:15,0,0,0,207,0,242,139,0,170,0,0,0,0,0,0,0,0,0,0,0,0,0,0,0,0,0,0,0,0,0,0,0,0,0,0,0,0,0,0,0,0,0,0,0,0,0,0,0,0,0,0,0,0,0,0,0,0,0,0,0,0,0,0,0,0,0,0,0,0,0,0,R1_Sleep
07:12:15,00:32:56,0,0,0,0,89,0,0,0,0,0,0,0,0,0,0,17,0,24,0,0,0,14,0,14,0,0,0,0,3,0,4,0,0,0,0,0,3,0,3,0,0,0,1,2,0,0,0,0,0,0,0,0,0,0,0,0,0,0,0,0,0,0,0,0,0,1,0,0,0,1,0,R2_Personal_Hygiene
08:02:24,00:26:09,0,95,0,0,0,0,0,41,0,0,26,0,5,17,0,0,22,0,0,0,17,0,0,0,13,0,1,18,0,0,0,0,0,0,0,0,0,0,0,0,0,0,0,0,0,0,0,0,2,0,0,0,0,0,0,0,0,0,0,0,0,0,0,0,0,0,0,0,0,0,0,Meal_Preparation
08:47:52,00:23:26,0,0,0,0,45,0,0,0,0,0,0,0,0,0,0,10,0,27,0,0,0,18,0,22,0,0,0,0,0,0,8,0,7,0,7,0,0,0,0,0,0,0,0,0,0,0,0,0,0,0,0,0,0,0,0,0,0,0,0,0,0,0,0,0,0,0,0,0,0,0,0,R1_Personal_Hygiene
09:31:15,00:26:49,0,63,0,0,0,0,0,48,0,2,14,0,31,21,0,0,10,0,0,0,4,0,0,0,4,7,9,12,0,0,0,1,0,0,0,0,0,0,0,0,2,0,0,0,0,0,0,0,0,0,0,0,0,0,0,0,0,0,0,0,0,0,0,0,0,0,0,0,0,0,0,Meal_Preparation
12:02:39,00:59:46,0,37,0,0,0,0,0,26,0,26,13,0,11,23,104,0,8,0,0,21,8,0,19,0,8,15,5,4,0,5,0,0,0,0,0,0,0,1,0,8,2,0,0,0,0,0,0,2,0,0,0,0,0,2,0,0,0,1,4,0,0,0,0,0,0,0,0,0,0,0,0,Watch_TV
12:14:14,00:38:34,0,37,0,0,0,0,0,26,0,26,13,0,11,22,93,0,6,0,0,16,8,0,5,0,8,12,5,4,0,5,0,0,0,0,0,0,0,0,0,2,2,0,0,0,0,0,0,2,0,0,0,0,0,2,0,0,0,0,4,0,0,0,0,0,0,0,0,0,0,0,0,Meal_Preparation
17:00:17,00:51:42,406,0,26,0,98,0,0,0,0,0,0,0,0,0,0,56,0,30,0,0,0,9,0,10,0,0,0,0,14,0,3,0,0,0,0,0,1,0,0,0,0,1,0,3,0,0,0,0,0,0,0,0,0,0,0,0,0,0,0,0,0,0,0,0,0,0,0,0,0,0,0,R1_Work
17:10:32,00:07:13,52,0,26,0,0,0,0,0,0,0,0,0,0,0,0,0,0,0,0,0,0,0,0,0,0,0,0,0,14,0,0,0,0,0,0,0,0,0,0,0,0,0,0,0,0,0,0,0,0,0,0,0,0,0,0,0,0,0,0,0,0,0,0,0,0,0,0,0,0,0,0,R2_Work
17:18:45,00:27:07,176,0,0,0,98,0,0,0,0,0,0,0,0,0,0,56,0,30,0,0,0,9,0,10,0,0,0,0,0,0,3,0,0,0,0,0,1,0,0,0,0,1,0,3,0,0,0,0,0,0,0,0,0,0,0,0,0,0,0,0,0,0,0,0,0,0,0,0,0,0,0,R2_Personal_Hygiene
19:04:12,00:07:26,0,60,0,0,0,0,0,14,0,0,15,0,7,0,0,0,0,0,0,0,0,0,0,0,6,0,4,11,0,0,0,0,0,0,0,10,0,0,0,0,0,0,0,0,0,0,0,2,0,0,0,0,0,0,0,0,0,0,0,0,0,0,0,0,0,0,0,0,0,0,0,Meal_Preparation
19:12:07,02:53:41,911,0,0,0,0,0,0,0,0,0,0,2,0,0,61,0,26,0,26,58,5,0,2,14,0,29,0,0,0,14,0,0,0,0,0,0,0,10,0,14,0,0,0,6,0,0,0,0,0,0,0,0,0,14,1,0,0,0,4,0,0,0,0,0,0,0,0,0,0,0,0,R1_Work
20:40:55,00:17:23,57,0,0,0,0,0,0,0,0,0,0,2,0,0,61,0,26,0,0,58,5,0,2,0,0,29,0,0,0,14,0,0,0,0,0,0,0,10,0,14,0,0,0,0,0,0,0,0,0,0,0,0,0,14,1,0,0,0,4,0,0,0,0,0,0,0,0,0,0,0,0,Clean
22:10:06,09:38:09,294,0,0,232,7,135,193,0,254,0,0,0,0,0,0,4,0,4,14,0,0,10,0,7,0,0,0,0,3,0,4,0,0,0,0,0,3,0,1,0,0,4,1,4,0,0,0,0,0,0,0,0,0,0,0,0,0,0,0,0,0,0,0,0,0,0,0,0,0,0,0,R2_Sleep
22:10:37,01:24:29,294,0,0,0,0,0,46,0,32,0,0,0,0,0,0,0,0,0,14,0,0,0,0,0,0,0,0,0,0,0,0,0,0,0,0,0,0,0,0,0,0,0,0,0,0,0,0,0,0,0,0,0,0,0,0,0,0,0,0,0,0,0,0,0,0,0,0,0,0,0,0,R1_Work
23:35:16,08:13:58,0,0,0,237,7,143,145,0,220,0,0,0,0,0,0,4,0,4,0,0,0,10,0,7,0,0,0,0,3,0,4,0,0,0,0,0,3,0,1,0,0,4,1,4,0,0,0,0,0,0,0,0,0,0,0,0,0,0,0,0,0,0,0,0,0,0,0,0,0,0,0,R1_Sleep
06:30:37,00:01:38,0,0,0,0,7,0,1,0,0,0,0,0,0,0,0,4,0,4,0,0,0,10,0,7,0,0,0,0,3,0,4,0,0,0,0,0,3,0,1,0,0,4,1,4,0,0,0,0,0,0,0,0,0,0,0,0,0,0,0,0,0,0,0,0,0,0,0,0,0,0,0,R2_Bed_to_Toilet
07:49:30,00:18:04,0,0,0,1,48,0,0,0,0,0,0,0,0,0,0,7,0,35,2,0,0,28,0,27,0,0,0,0,0,0,2,0,2,0,4,0,0,0,0,0,0,0,0,0,0,0,0,0,0,0,0,0,0,0,0,0,0,0,0,0,0,0,0,0,0,0,0,0,0,0,0,R1_Personal_Hygiene
08:15:52,00:16:43,0,44,0,0,0,0,0,25,0,11,11,0,19,18,0,0,4,0,0,0,0,0,0,0,2,6,1,4,0,0,0,0,0,0,0,0,0,0,0,0,0,0,0,0,1,0,0,0,0,0,0,0,0,0,0,0,0,0,0,0,0,0,0,0,0,0,0,0,0,0,0,Meal_Preparation
08:52:35,00:02:05,0,0,0,0,10,0,0,0,0,0,0,0,0,0,0,4,0,8,0,0,0,13,0,16,0,0,0,0,2,0,3,0,0,0,0,0,2,0,3,0,0,1,1,3,0,0,0,0,0,0,0,0,0,0,0,0,0,0,0,0,0,0,0,0,0,0,0,0,0,0,0,R2_Bed_to_Toilet
08:55:06,00:00:42,0,12,0,0,0,0,0,7,0,0,1,0,0,1,0,0,0,0,0,0,2,0,0,0,0,0,1,4,0,0,0,1,0,0,0,0,0,0,0,0,0,0,0,0,0,0,0,0,0,0,0,0,0,0,0,0,0,0,0,0,0,0,0,0,0,0,0,0,0,0,0,Meal_Preparation
15:23:59,00:43:21,184,0,74,0,0,0,0,0,0,0,0,0,0,0,0,0,0,0,50,0,0,0,0,0,0,0,0,0,21,0,0,0,0,0,0,0,0,0,0,0,0,0,0,0,0,0,0,0,0,0,0,0,0,0,0,0,0,0,0,0,0,0,0,0,0,0,0,0,0,0,0,R1_Work
15:37:39,00:30:13,100,0,74,0,0,0,0,0,0,0,0,0,0,0,0,0,0,0,12,0,0,0,0,0,0,0,0,0,25,0,0,0,0,0,0,0,0,0,0,0,0,0,0,0,0,0,0,0,0,0,0,0,0,0,0,0,0,0,0,0,0,0,0,0,0,0,0,0,0,0,0,R2_Work
18:07:44,01:05:16,76,317,0,0,0,0,0,228,0,164,92,79,59,156,0,0,2,0,20,0,66,0,0,0,34,0,69,48,0,0,0,10,2,0,0,19,0,0,0,0,4,0,0,0,0,0,0,1,10,0,0,0,2,0,0,0,0,0,0,3,0,0,0,0,0,0,0,0,0,0,0,Meal_Preparation
18:55:46,05:52:12,1339,46,72,0,0,0,28,42,7,4,4,0,3,2,65,0,40,0,83,77,0,0,2,0,2,45,0,14,22,2,0,0,2,0,0,0,0,16,0,2,0,0,0,0,0,0,0,0,0,0,0,0,1,0,0,0,0,2,0,0,0,0,0,0,0,0,0,0,0,0,0,R1_Work
19:13:12,03:56:43,975,0,0,0,0,0,0,1,0,0,0,0,0,2,65,0,40,0,26,77,0,0,2,0,0,45,0,0,0,2,0,0,0,0,0,0,0,16,0,2,0,0,0,0,0,0,0,0,0,0,0,0,0,0,0,0,0,2,0,0,0,0,0,0,0,0,0,0,0,0,0,Watch_TV
23:11:46,00:38:51,129,0,72,0,0,0,0,0,0,0,0,0,0,0,0,0,0,0,0,0,0,0,0,0,0,0,0,0,22,0,0,0,0,0,0,0,0,0,0,0,0,0,0,0,0,0,0,0,0,0,0,0,0,0,0,0,0,0,0,0,0,0,0,0,0,0,0,0,0,0,0,R2_Work
23:52:57,08:46:42,150,0,0,74,0,38,122,0,123,0,0,0,0,0,0,0,0,0,37,0,0,0,0,0,0,0,0,0,0,0,0,0,0,0,0,0,0,0,0,0,0,0,0,0,0,0,0,0,0,0,0,0,0,0,0,0,0,0,0,0,0,0,0,0,0,0,0,0,0,0,0,R2_Sleep
00:48:01,07:35:33,0,0,0,74,0,38,89,0,109,0,0,0,0,0,0,0,0,0,0,0,0,0,0,0,0,0,0,0,0,0,0,0,0,0,0,0,0,0,0,0,0,0,0,0,0,0,0,0,0,0,0,0,0,0,0,0,0,0,0,0,0,0,0,0,0,0,0,0,0,0,0,R1_Sleep
17:05:21,00:41:00,0,175,0,0,23,0,0,143,0,4,51,0,90,169,19,2,7,4,0,23,49,4,0,10,15,26,22,0,0,0,3,9,3,0,4,13,2,4,0,0,0,4,0,2,10,0,8,6,0,0,3,6,4,0,4,2,0,0,0,0,0,0,0,0,0,0,0,0,0,0,1,Meal_Preparation
17:41:32,00:05:02,0,26,0,0,24,0,0,16,0,0,7,0,3,6,0,4,0,4,0,0,5,4,0,10,4,0,0,0,0,0,5,0,6,0,6,0,0,0,0,0,0,1,0,0,0,0,0,0,0,0,1,0,0,0,0,0,0,0,0,0,0,0,0,0,0,0,0,0,0,0,0,R1_Personal_Hygiene
17:46:44,02:26:54,944,0,0,0,0,0,0,0,0,0,0,0,0,0,0,0,0,0,16,0,0,0,0,0,0,0,0,0,0,0,0,0,0,0,0,0,0,0,0,0,0,0,0,0,0,0,0,0,0,0,0,0,0,0,0,0,0,0,0,0,0,0,0,0,0,0,0,0,0,0,0,R1_Work
20:15:17,00:22:24,0,0,0,0,67,0,0,0,0,0,0,0,0,0,0,19,0,10,0,0,0,8,0,8,0,0,0,0,0,0,5,0,3,0,13,0,0,0,0,0,0,0,0,0,0,0,0,0,0,0,0,0,0,0,0,0,0,0,0,0,0,0,0,0,0,0,0,0,0,0,0,R1_Personal_Hygiene
20:37:55,10:30:48,0,0,121,221,20,163,86,0,21,0,0,0,0,0,0,6,0,6,2,0,0,13,0,10,0,0,0,0,23,0,8,0,1,0,4,0,4,0,3,0,0,4,0,0,0,0,0,0,0,0,0,0,0,0,0,0,0,0,0,0,0,0,0,0,1,0,0,0,0,0,0,R1_Sleep
22:18:03,00:02:17,0,0,0,0,10,0,0,0,0,0,0,0,0,0,0,4,0,4,2,0,0,5,0,4,0,0,0,0,0,0,4,0,1,0,4,0,0,0,0,0,0,2,0,0,0,0,0,0,0,0,0,0,0,0,0,0,0,0,0,0,0,0,0,0,0,0,0,0,0,0,0,R1_Bed_to_Toilet
22:51:32,00:02:26,0,0,1,4,10,2,0,0,0,0,0,0,0,0,0,2,0,2,0,0,0,8,0,6,0,0,0,0,4,0,4,0,0,0,0,0,4,0,2,0,0,2,0,0,0,0,0,0,0,0,0,0,0,0,0,0,0,0,0,0,0,0,0,0,1,0,0,0,0,0,0,R2_Bed_to_Toilet
22:53:58,01:01:17,0,0,120,6,0,8,0,0,0,0,0,0,0,0,0,0,0,0,0,0,0,0,0,0,0,0,0,0,19,0,0,0,0,0,0,0,0,0,1,0,0,0,0,0,0,0,0,0,0,0,0,0,0,0,0,0,0,0,0,0,0,0,0,0,0,0,0,0,0,0,0,R2_Work
23:55:20,07:15:06,0,0,0,98,5,53,89,0,24,0,0,0,0,0,0,2,0,2,0,0,0,5,0,4,0,0,0,0,0,0,2,0,2,0,2,0,0,0,0,0,0,1,0,0,0,0,0,0,0,0,0,0,0,0,0,0,0,0,0,0,0,0,0,0,0,0,0,0,0,0,0,R2_Sleep
07:08:43,00:02:03,1,0,0,0,6,0,3,0,3,0,0,0,0,0,0,4,0,2,0,0,0,5,0,4,0,0,0,0,0,0,3,0,4,0,4,0,0,0,0,0,0,1,0,0,0,0,0,0,0,0,0,0,0,0,0,0,0,0,0,0,0,0,0,0,0,0,0,0,0,0,0,R1_Bed_to_Toilet
07:10:54,01:29:21,243,48,87,0,98,0,0,28,0,7,18,0,0,10,0,36,6,25,11,0,11,20,0,17,10,0,2,0,11,0,8,2,2,0,2,0,7,0,6,0,0,4,0,4,2,3,1,0,4,0,0,2,0,0,0,0,0,0,0,0,0,0,0,0,0,0,0,0,0,0,0,R1_Work
07:21:11,00:02:04,8,0,0,0,12,0,0,0,0,0,0,0,0,0,0,6,0,6,0,0,0,8,0,8,0,0,0,0,5,0,4,0,0,0,0,0,3,0,4,0,0,2,0,3,0,0,0,0,0,0,0,0,0,0,0,0,0,0,0,0,0,0,0,0,0,0,0,0,0,0,0,R2_Bed_to_Toilet
07:21:11,00:39:41,110,0,1,0,98,0,0,0,0,0,0,0,0,0,0,36,0,25,6,0,0,20,0,17,0,0,0,0,4,0,6,0,0,0,0,0,5,0,4,0,0,2,0,3,0,0,0,0,0,0,0,0,0,0,0,0,0,0,0,0,0,0,0,0,0,0,0,0,0,0,0,R2_Personal_Hygiene
08:01:12,00:22:44,103,0,86,0,0,0,0,0,0,0,0,0,0,0,0,0,0,0,0,0,0,0,0,0,0,0,0,0,4,0,0,0,0,0,0,0,0,0,0,0,0,0,0,0,0,0,0,0,0,0,0,0,0,0,0,0,0,0,0,0,0,0,0,0,0,0,0,0,0,0,0,R2_Work
08:24:21,00:23:46,0,61,0,0,0,0,0,35,0,8,26,0,25,14,0,0,8,0,5,0,15,0,0,0,16,0,1,0,0,0,0,2,2,0,0,0,0,0,0,0,0,0,0,0,1,4,1,0,4,0,0,0,0,0,0,0,0,0,0,0,0,0,0,0,0,0,0,0,0,0,0,Meal_Preparation
08:56:35,00:33:19,0,57,0,0,0,0,0,16,0,33,14,0,4,16,0,0,1,0,0,0,4,0,0,0,6,2,2,0,0,0,0,0,0,0,0,0,0,0,0,0,0,0,0,0,1,0,0,0,0,0,0,0,0,0,0,0,0,0,0,0,0,0,0,0,0,0,0,0,0,0,0,Meal_Preparation
09:30:47,00:25:27,0,0,0,0,115,0,0,0,0,0,0,0,0,0,0,18,0,30,1,0,0,16,0,16,0,0,0,0,0,0,3,0,1,0,1,0,0,0,0,0,0,1,0,0,0,0,0,0,0,0,1,0,0,0,0,0,0,0,0,0,0,0,0,0,0,0,0,0,0,0,0,R1_Personal_Hygiene
12:09:11,00:29:26,0,25,0,0,0,0,0,23,0,20,4,0,0,9,0,0,2,0,0,0,2,0,0,0,2,1,0,0,0,0,0,0,0,0,0,0,0,0,0,0,0,0,0,0,0,0,0,0,2,0,0,0,0,0,0,0,0,0,0,0,0,0,0,0,0,0,0,0,0,0,0,Meal_Preparation
17:00:05,05:02:20,415,0,0,0,0,0,0,0,0,0,0,0,0,0,104,0,66,0,84,104,0,0,2,0,0,78,0,0,0,0,0,0,0,0,0,0,0,12,0,2,0,0,0,0,0,0,0,0,0,0,0,0,0,0,0,0,0,0,0,0,0,0,0,0,0,0,0,0,0,0,0,R1_Work
17:26:44,03:14:29,340,0,0,0,0,0,0,0,0,0,0,0,0,0,104,0,66,0,44,104,0,0,2,0,0,78,0,0,0,0,0,0,0,0,0,0,0,12,0,2,0,0,0,0,0,0,0,0,0,0,0,0,0,0,0,0,0,0,0,0,0,0,0,0,0,0,0,0,0,0,0,Study
22:02:34,08:57:31,0,0,88,349,0,321,163,0,68,0,0,0,0,0,0,0,0,0,0,0,0,0,0,0,0,0,0,0,27,0,0,0,0,0,0,0,0,0,0,0,0,0,0,0,0,0,0,0,0,0,0,0,0,0,0,0,0,0,0,0,0,0,0,0,0,0,0,0,0,0,0,R1_Sleep
22:36:32,00:21:39,0,0,88,55,0,33,0,0,0,0,0,0,0,0,0,0,0,0,0,0,0,0,0,0,0,0,0,0,27,0,0,0,0,0,0,0,0,0,0,0,0,0,0,0,0,0,0,0,0,0,0,0,0,0,0,0,0,0,0,0,0,0,0,0,0,0,0,0,0,0,0,R2_Work
23:00:03,10:05:58,96,0,0,223,80,183,201,0,109,0,0,0,0,0,0,14,0,46,35,0,0,34,0,26,0,0,0,0,0,0,10,0,11,0,10,0,0,0,0,0,0,0,0,0,0,0,0,0,0,0,0,0,0,0,0,0,0,0,0,0,0,0,0,0,0,0,0,0,0,0,0,R2_Sleep
07:00:44,00:24:52,0,0,0,0,46,0,7,0,1,0,0,0,0,0,0,8,0,40,1,0,0,14,0,14,0,0,0,0,0,0,4,0,6,0,7,0,0,0,0,0,0,0,0,0,0,0,0,0,0,0,0,0,0,0,0,0,0,0,0,0,0,0,0,0,0,0,0,0,0,0,0,R1_Personal_Hygiene
07:26:00,00:31:26,96,0,0,0,0,0,14,0,12,0,0,0,0,0,0,0,0,0,32,0,0,0,0,0,0,0,0,0,0,0,0,0,0,0,0,0,0,0,0,0,0,0,0,0,0,0,0,0,0,0,0,0,0,0,0,0,0,0,0,0,0,0,0,0,0,0,0,0,0,0,0,R1_Work
08:08:15,00:03:56,0,0,0,0,19,0,2,0,2,0,0,0,0,0,0,4,0,4,1,0,0,10,0,6,0,0,0,0,0,0,4,0,3,0,2,0,0,0,0,0,0,0,0,0,0,0,0,0,0,0,0,0,0,0,0,0,0,0,0,0,0,0,0,0,0,0,0,0,0,0,0,R1_Bed_to_Toilet
08:24:23,00:03:48,0,0,0,0,15,0,0,0,0,0,0,0,0,0,0,2,0,2,1,0,0,10,0,6,0,0,0,0,0,0,2,0,2,0,1,0,0,0,0,0,0,0,0,0,0,0,0,0,0,0,0,0,0,0,0,0,0,0,0,0,0,0,0,0,0,0,0,0,0,0,0,R1_Bed_to_Toilet
09:06:03,00:01:39,0,0,0,0,4,0,1,0,0,0,0,0,0,0,0,4,0,4,0,0,0,6,0,6,0,0,0,0,2,0,6,0,0,0,0,0,5,0,4,0,0,4,1,3,0,0,0,0,0,1,2,0,0,0,0,0,0,0,0,0,0,0,0,0,0,0,0,0,0,0,0,R2_Bed_to_Toilet
09:08:23,00:03:48,0,0,0,0,15,0,0,0,0,0,0,0,0,0,0,2,0,2,1,0,0,11,0,5,0,0,0,0,0,0,2,0,2,0,1,0,0,0,0,0,0,0,0,0,0,0,0,0,0,0,0,0,0,0,0,0,0,0,0,0,0,0,0,0,0,0,0,0,0,0,0,R1_Bed_to_Toilet
09:17:42,01:00:29,0,0,75,0,175,0,0,0,0,0,0,0,0,0,0,35,0,44,0,0,0,19,0,20,0,0,0,0,26,0,3,0,0,0,0,0,2,0,1,0,0,1,0,1,0,0,0,0,0,0,0,0,0,0,0,0,0,0,0,0,0,0,0,0,0,0,0,0,0,0,0,R2_Work
09:41:30,00:34:14,0,0,0,0,175,0,0,0,0,0,0,0,0,0,0,35,0,44,0,0,0,19,0,20,0,0,0,0,1,0,3,0,0,0,0,0,2,0,1,0,0,1,0,1,0,0,0,0,0,0,0,0,0,0,0,0,0,0,0,0,0,0,0,0,0,0,0,0,0,0,0,R2_Personal_Hygiene
10:18:23,00:03:48,0,0,0,0,15,0,0,0,0,0,0,0,0,0,0,2,0,2,1,0,0,10,0,6,0,0,0,0,0,0,2,0,2,0,1,0,0,0,0,0,0,0,0,0,0,0,0,0,0,0,0,0,0,0,0,0,0,0,0,0,0,0,0,0,0,0,0,0,0,0,0,R1_Bed_to_Toilet
10:37:25,01:02:30,0,73,0,0,0,0,0,48,0,159,30,172,0,32,6,0,38,0,0,30,36,0,0,0,10,25,2,0,0,0,0,0,0,0,0,10,0,4,0,4,0,0,0,0,0,0,0,0,0,0,0,0,0,0,0,0,0,2,0,0,0,0,0,0,0,0,0,0,0,0,0,Watch_TV
10:37:34,01:07:27,0,93,0,0,0,0,0,52,0,165,39,172,28,32,6,0,38,0,0,29,36,0,0,0,11,23,2,0,0,0,0,0,0,0,0,13,0,2,0,2,0,0,0,0,0,0,0,0,0,0,0,0,0,0,0,0,0,1,0,0,0,0,0,0,0,0,0,0,0,0,0,Meal_Preparation
11:47:21,00:58:17,0,0,299,0,0,0,0,0,0,0,0,0,0,0,0,0,0,0,0,0,0,0,0,0,0,0,0,0,55,0,0,0,0,0,0,0,0,0,0,0,0,0,0,0,0,0,0,0,0,0,0,0,0,0,0,0,0,0,0,0,0,0,0,0,0,0,0,0,0,0,0,R2_Work
13:08:23,00:03:48,0,0,0,0,15,0,0,0,0,0,0,0,0,0,0,2,0,2,1,0,0,10,0,6,0,0,0,0,0,0,2,0,2,0,1,0,0,0,0,0,0,0,0,0,0,0,0,0,0,0,0,0,0,0,0,0,0,0,0,0,0,0,0,0,0,0,0,0,0,0,0,R1_Bed_to_Toilet
17:00:07,02:34:23,942,117,0,0,15,0,2,68,2,10,41,0,0,14,0,2,0,2,134,0,8,10,0,6,18,0,37,0,0,0,2,0,2,0,1,0,0,0,0,0,0,0,0,0,0,0,0,54,2,0,0,0,0,0,0,0,0,0,0,0,0,0,0,0,0,0,0,0,0,0,0,R1_Work
19:09:23,00:03:48,0,0,0,0,15,0,2,0,2,0,0,0,0,0,0,2,0,2,1,0,0,10,0,6,0,0,0,0,0,0,2,0,2,0,1,0,0,0,0,0,0,0,0,0,0,0,0,0,0,0,0,0,0,0,0,0,0,0,0,0,0,0,0,0,0,0,0,0,0,0,0,R1_Bed_to_Toilet
19:13:49,00:59:39,142,247,0,0,0,0,0,154,0,20,111,0,45,92,0,0,0,0,0,0,63,0,0,0,36,0,49,0,0,0,0,0,0,0,0,9,0,0,0,0,0,0,0,0,0,0,0,61,2,0,0,0,0,0,0,0,0,0,0,0,0,0,0,0,0,0,0,0,0,0,0,Meal_Preparation
20:18:23,00:03:48,0,0,0,0,15,0,1,0,0,0,0,0,0,0,0,2,0,2,1,0,0,10,0,5,0,0,0,0,0,0,2,0,2,0,1,0,0,0,0,0,0,0,0,0,0,0,0,0,0,0,0,0,0,0,0,0,0,0,0,0,0,0,0,0,0,0,0,0,0,0,0,R1_Bed_to_Toilet
20:23:00,02:35:29,869,0,0,0,15,0,2,0,2,0,0,0,0,0,54,2,141,2,51,71,0,10,0,6,0,16,0,0,0,0,2,0,2,0,1,0,0,0,0,2,0,0,0,0,0,0,0,0,0,0,0,0,0,0,0,0,0,1,0,0,0,0,0,0,0,0,0,0,0,0,0,R1_Work
21:04:39,02:15:02,561,0,0,0,15,0,2,0,2,0,0,0,0,0,61,2,149,2,51,84,0,10,0,6,0,18,0,0,0,0,2,0,2,0,1,0,0,4,0,4,0,0,0,0,0,0,0,0,0,0,0,0,0,0,0,0,0,2,0,0,0,0,0,0,0,0,0,0,0,0,0,Watch_TV
22:22:23,00:03:48,0,0,0,0,15,0,2,0,2,0,0,0,0,0,0,2,0,2,1,0,0,10,0,6,0,0,0,0,0,0,2,0,2,0,1,0,0,0,0,0,0,0,0,0,0,0,0,0,0,0,0,0,0,0,0,0,0,0,0,0,0,0,0,0,0,0,0,0,0,0,0,R1_Bed_to_Toilet
23:27:21,07:11:43,0,0,0,123,0,68,258,0,105,0,0,0,0,0,0,0,0,0,0,0,0,0,0,0,0,0,0,0,0,0,0,0,0,0,0,0,0,0,0,0,0,0,0,0,0,0,0,0,0,0,0,0,0,0,0,0,0,0,0,0,0,0,0,0,0,0,0,0,0,0,0,R2_Sleep
00:11:57,06:30:35,0,0,0,139,0,76,139,0,89,0,0,0,0,0,0,0,0,0,0,0,0,0,0,0,0,0,0,0,0,0,0,0,0,0,0,0,0,0,0,0,0,0,0,0,0,0,0,0,0,0,0,0,0,0,0,0,0,0,0,0,0,0,0,0,0,0,0,0,0,0,0,R1_Sleep
06:43:33,00:17:04,0,0,0,1,9,0,0,0,0,0,0,0,0,0,0,6,0,32,1,0,0,10,0,12,0,0,0,0,0,0,4,0,3,0,5,0,0,0,0,0,0,0,0,0,0,0,0,0,0,0,0,0,0,0,0,0,0,0,0,0,0,0,0,0,0,0,0,0,0,0,0,R1_Bed_to_Toilet
07:01:02,00:21:26,1,0,0,1,132,0,2,0,0,3,0,0,0,0,0,21,0,12,2,0,0,6,0,8,0,0,0,0,0,0,4,0,2,0,3,0,0,0,0,0,0,0,0,0,0,0,0,0,0,0,0,0,0,0,0,0,0,0,0,0,0,0,0,0,0,0,0,0,0,0,0,R1_Personal_Hygiene
07:34:16,00:05:05,0,14,1,0,12,0,0,10,0,3,5,0,0,4,0,9,0,6,0,0,0,6,0,8,2,0,0,0,1,0,2,1,0,0,0,0,2,0,0,0,0,1,0,0,1,0,1,0,0,0,0,0,0,0,0,0,0,0,0,0,0,0,0,0,0,0,0,0,0,0,0,R2_Bed_to_Toilet
07:34:24,00:25:12,0,126,0,0,11,0,0,24,0,21,16,0,17,9,0,7,0,5,0,0,0,6,0,7,6,0,10,0,0,0,1,0,0,0,0,5,0,0,0,0,0,1,0,0,0,0,0,0,0,0,0,0,1,0,0,0,0,0,0,0,0,0,0,0,0,0,0,0,0,0,0,Meal_Preparation
08:04:12,00:34:33,0,0,0,0,160,0,0,0,0,0,0,0,0,0,0,62,0,29,0,0,0,16,0,16,0,0,0,0,1,0,4,0,0,0,0,0,2,0,2,0,0,0,0,4,0,0,0,0,0,0,0,0,0,0,0,0,0,0,0,0,0,0,0,0,0,0,0,0,0,0,0,R2_Personal_Hygiene
08:39:23,00:03:48,0,0,0,0,15,0,0,0,0,0,0,0,0,0,0,2,0,2,1,0,0,10,0,6,0,0,0,0,0,0,2,0,2,0,1,0,0,0,0,0,0,0,0,0,0,0,0,0,0,0,0,0,0,0,0,0,0,0,0,0,0,0,0,0,0,0,0,0,0,0,0,R1_Bed_to_Toilet
08:46:55,00:05:16,0,38,0,0,0,0,0,6,0,0,7,0,8,0,0,0,0,0,0,0,0,0,0,0,0,0,7,0,0,0,0,3,0,0,0,0,0,0,0,0,0,0,0,0,1,0,0,2,0,0,0,0,0,0,0,0,0,0,0,0,0,0,0,0,0,0,0,0,0,0,0,Meal_Preparation
09:10:23,00:01:48,0,0,0,0,12,0,0,0,0,0,0,0,0,0,0,2,0,0,1,0,0,1,0,0,0,0,0,0,0,0,2,0,2,0,1,0,0,0,0,0,0,0,0,0,0,0,0,0,0,0,0,0,0,0,0,0,0,0,0,0,0,0,0,0,0,0,0,0,0,0,0,R1_Bed_to_Toilet
12:20:27,00:32:15,0,76,0,0,0,0,0,49,0,92,14,0,36,39,0,0,0,0,0,0,0,0,0,0,6,0,0,0,0,0,0,0,0,0,0,4,0,0,0,0,4,0,0,0,0,0,0,0,0,0,0,0,0,0,0,0,0,0,0,0,0,0,0,0,0,0,0,0,0,0,0,Meal_Preparation
13:18:23,00:03:48,0,0,0,0,15,0,0,0,0,0,0,0,0,0,0,2,0,2,1,0,0,10,0,6,0,0,0,0,0,0,2,0,2,0,1,0,0,0,0,0,0,0,0,0,0,0,0,0,0,0,0,0,0,0,0,0,0,0,0,0,0,0,0,0,0,0,0,0,0,0,0,R1_Bed_to_Toilet
17:00:02,00:34:23,92,75,0,0,0,0,0,72,0,150,19,0,5,26,0,0,0,0,0,0,10,0,0,0,6,0,8,0,0,0,0,0,0,0,0,2,0,0,0,0,0,0,0,0,0,0,0,0,0,0,0,0,0,0,0,0,0,0,0,0,0,0,2,0,0,0,0,0,0,0,0,R1_Work
17:00:44,00:32:19,85,75,0,0,0,0,0,72,0,150,19,0,5,26,0,0,0,0,0,0,10,0,0,0,6,0,8,0,0,0,0,0,0,0,0,2,0,0,0,0,0,0,0,0,0,0,0,0,0,0,0,0,0,0,0,0,0,0,0,0,0,0,2,0,0,0,0,0,0,0,0,Meal_Preparation
17:35:49,00:43:26,0,101,3,0,0,0,0,70,0,100,46,0,80,63,0,0,0,0,0,0,28,0,0,0,8,0,8,0,2,0,0,0,0,0,0,11,0,0,0,0,4,0,0,0,0,0,0,0,0,0,0,0,2,0,0,0,0,0,0,0,0,0,0,0,0,0,0,0,0,0,0,Meal_Preparation
18:18:25,00:19:07,0,6,71,0,0,0,0,2,0,4,0,0,14,2,0,0,0,0,0,0,0,0,0,0,0,0,0,0,6,0,0,0,0,0,0,2,0,0,0,0,0,0,0,0,0,0,0,0,0,0,0,0,0,0,0,0,0,0,0,0,0,0,0,0,0,0,0,0,0,0,0,R2_Work
18:39:23,00:03:48,0,0,0,0,15,0,0,0,0,0,0,0,0,0,0,2,0,2,1,0,0,10,0,6,0,0,0,0,0,0,2,0,2,0,1,0,0,0,0,0,0,0,0,0,0,0,0,0,0,0,0,0,0,0,0,0,0,0,0,0,0,0,0,0,0,0,0,0,0,0,0,R1_Bed_to_Toilet
18:43:55,02:23:54,595,0,0,0,0,0,191,0,44,0,0,0,0,0,0,0,0,0,18,0,0,0,0,0,0,0,0,0,0,0,0,0,0,0,0,0,0,0,0,0,0,0,0,0,0,0,0,0,0,0,0,0,0,0,0,0,0,0,0,0,0,0,0,0,0,0,0,0,0,0,0,R1_Work
19:02:14,13:06:21,493,0,0,220,61,113,566,0,215,0,0,0,0,0,0,14,0,30,17,0,0,26,0,18,0,0,0,0,0,0,15,0,9,0,8,0,0,0,0,0,0,0,0,0,0,1,0,0,0,0,0,0,0,0,0,0,0,0,0,0,0,0,0,0,0,0,0,0,0,0,0,R2_Sleep
21:09:23,00:03:48,0,0,0,0,15,0,0,0,0,0,0,0,0,0,0,2,0,2,1,0,0,10,0,6,0,0,0,0,0,0,2,0,2,0,1,0,0,0,0,0,0,0,0,0,0,0,0,0,0,0,0,0,0,0,0,0,0,0,0,0,0,0,0,0,0,0,0,0,0,0,0,R1_Bed_to_Toilet
21:14:31,10:21:21,0,0,0,219,15,113,360,0,154,0,0,0,0,0,0,2,0,2,1,0,0,10,0,6,0,0,0,0,0,0,2,0,2,0,1,0,0,0,0,0,0,0,0,0,0,0,0,0,0,0,0,0,0,0,0,0,0,0,0,0,0,0,0,0,0,0,0,0,0,0,0,R1_Sleep
22:34:32,00:03:39,0,0,0,0,15,0,0,0,0,0,0,0,0,0,0,2,0,2,1,0,0,10,0,6,0,0,0,0,0,0,2,0,2,0,1,0,0,0,0,0,0,0,0,0,0,0,0,0,0,0,0,0,0,0,0,0,0,0,0,0,0,0,0,0,0,0,0,0,0,0,0,R1_Bed_to_Toilet
07:38:43,00:24:17,0,0,0,0,14,0,12,0,14,0,0,0,0,0,0,4,0,20,0,0,0,4,0,4,0,0,0,0,0,0,8,0,3,0,4,0,0,0,0,0,0,0,0,0,0,0,0,0,0,0,0,0,0,0,0,0,0,0,0,0,0,0,0,0,0,0,0,0,0,0,0,R1_Bed_to_Toilet
08:03:01,00:11:56,0,0,0,1,38,0,0,0,2,0,0,0,0,0,0,8,0,6,1,0,0,2,0,2,0,0,0,0,0,0,3,0,3,0,2,0,0,0,0,0,0,0,0,0,0,2,0,0,0,0,0,0,0,0,0,0,0,0,0,0,0,0,0,0,0,0,0,0,0,0,0,R1_Personal_Hygiene
08:21:30,00:02:43,0,6,0,0,16,0,0,1,0,5,4,0,0,0,0,8,0,8,0,0,2,6,0,6,0,0,0,0,2,0,2,0,0,0,0,0,0,0,0,0,0,2,0,0,0,0,0,0,0,0,2,0,0,0,0,0,0,0,0,0,0,0,0,0,0,0,0,0,0,0,0,R2_Bed_to_Toilet
08:21:34,00:04:22,0,13,0,0,16,0,0,8,0,7,8,0,0,4,0,7,0,8,0,0,2,6,0,6,0,0,2,0,1,0,2,0,0,0,0,0,0,0,0,0,0,2,0,0,0,0,0,0,0,0,2,0,0,0,0,0,0,0,0,0,0,0,0,0,0,0,0,0,0,0,0,Meal_Preparation
08:26:04,00:20:34,0,22,0,0,0,0,0,16,0,12,12,0,30,12,0,0,0,0,0,0,16,0,0,0,6,0,2,0,0,0,0,0,0,0,0,0,0,0,0,0,0,0,0,0,0,0,0,0,0,0,0,0,0,0,0,0,0,0,0,0,0,0,0,0,0,0,0,0,0,0,0,Meal_Preparation
12:35:11,00:06:46,0,0,0,0,25,0,0,0,0,0,0,0,0,0,0,12,0,8,0,0,0,9,0,14,0,0,0,0,2,0,2,0,0,0,1,0,2,0,0,0,0,0,0,0,0,0,0,0,0,0,0,0,0,0,0,0,0,0,0,0,0,0,0,0,0,0,0,0,0,0,0,R2_Personal_Hygiene
14:25:37,02:40:27,856,0,118,0,0,0,0,0,0,0,0,0,0,0,24,0,30,0,10,2,0,0,14,0,0,2,0,0,27,0,0,0,0,2,0,0,0,2,0,0,0,0,0,0,0,0,0,0,0,0,0,0,0,0,0,0,0,0,0,0,0,0,0,0,0,0,0,0,0,0,0,R1_Work
15:37:03,00:39:06,172,0,118,0,0,0,0,0,0,0,0,0,0,0,0,0,0,0,0,0,0,0,0,0,0,0,0,0,27,0,0,0,0,0,0,0,0,0,0,0,0,0,0,0,0,0,0,0,0,0,0,0,0,0,0,0,0,0,0,0,0,0,0,0,0,0,0,0,0,0,0,R2_Work
16:25:32,00:39:18,224,0,0,0,0,0,0,0,0,0,0,0,0,0,24,0,29,0,0,2,0,0,14,0,0,2,0,0,0,0,0,0,0,2,0,0,0,2,0,0,0,0,0,0,0,0,0,0,0,0,0,0,0,0,0,0,0,0,0,0,0,0,0,0,0,0,0,0,0,0,0,Study
19:14:44,01:03:14,0,235,0,0,0,0,0,175,0,261,87,0,24,112,0,0,0,0,0,0,38,0,0,0,22,0,22,0,0,0,0,0,0,0,0,4,0,0,0,0,0,0,0,0,0,0,0,2,0,0,0,0,6,0,0,0,0,0,0,0,0,0,0,0,0,0,0,0,0,0,0,Meal_Preparation
22:56:25,09:15:30,0,0,88,199,0,262,192,0,165,0,0,0,0,0,0,0,0,0,0,0,0,0,0,0,0,0,0,0,8,0,0,0,0,0,0,0,0,0,0,0,0,0,0,0,0,0,0,0,0,0,0,0,0,0,0,0,0,0,0,0,0,0,0,0,0,0,0,0,0,0,0,R1_Sleep
22:56:27,00:38:27,0,0,88,31,0,49,0,0,0,0,0,0,0,0,0,0,0,0,0,0,0,0,0,0,0,0,0,0,8,0,0,0,0,0,0,0,0,0,0,0,0,0,0,0,0,0,0,0,0,0,0,0,0,0,0,0,0,0,0,0,0,0,0,0,0,0,0,0,0,0,0,R2_Work
23:36:05,08:35:32,0,0,0,165,0,210,192,0,165,0,0,0,0,0,0,0,0,0,0,0,0,0,0,0,0,0,0,0,0,0,0,0,0,0,0,0,0,0,0,0,0,0,0,0,0,0,0,0,0,0,0,0,0,0,0,0,0,0,0,0,0,0,0,0,0,0,0,0,0,0,0,R2_Sleep
07:44:55,00:22:23,0,0,0,0,35,0,0,0,0,0,0,0,0,0,0,15,0,16,0,0,0,6,0,6,0,0,0,0,0,0,3,0,7,0,3,0,0,0,0,0,0,0,2,0,0,0,0,0,0,2,0,0,0,0,0,0,0,0,0,0,0,0,0,0,0,0,0,0,0,0,0,R1_Bed_to_Toilet
08:07:52,00:06:13,0,0,0,0,49,0,0,0,0,0,0,0,0,0,0,12,0,12,1,0,0,0,0,0,0,0,0,0,0,0,4,0,3,0,4,0,0,0,0,0,0,0,0,0,0,0,0,0,0,0,0,0,0,0,0,0,0,0,0,0,0,0,0,0,0,0,0,0,0,0,0,R1_Personal_Hygiene
08:21:01,00:02:46,0,24,0,0,9,0,0,17,0,0,17,0,6,0,0,4,0,8,0,0,0,6,0,11,6,0,5,0,0,0,3,0,0,0,0,0,0,0,0,0,0,3,0,2,0,0,0,0,0,0,0,0,0,0,0,0,0,0,0,0,0,0,0,0,0,0,0,0,0,0,0,Meal_Preparation
08:21:23,00:01:52,0,15,0,0,9,0,0,6,0,0,9,0,4,0,0,4,0,8,0,0,0,6,0,11,5,0,0,0,0,0,2,0,0,0,0,0,0,0,0,0,0,2,0,2,0,0,0,0,0,0,0,0,0,0,0,0,0,0,0,0,0,0,0,0,0,0,0,0,0,0,0,R2_Bed_to_Toilet
08:23:58,00:17:49,94,0,0,0,0,0,0,0,0,0,0,0,0,0,0,0,0,0,14,0,0,0,0,0,0,0,0,0,0,0,0,0,0,0,0,0,0,0,0,0,0,0,0,0,0,0,0,0,0,0,0,0,0,0,0,0,0,0,0,0,0,0,0,0,0,0,0,0,0,0,0,R1_Work
08:51:57,00:00:39,0,0,0,0,5,0,0,0,0,0,0,0,0,0,0,4,0,4,0,0,0,2,0,2,0,0,0,0,2,0,4,0,0,0,0,0,2,0,2,0,0,2,0,3,0,0,0,0,0,0,0,0,0,0,0,0,0,0,0,0,0,0,0,0,0,0,0,0,0,0,0,R2_Bed_to_Toilet
08:53:14,00:02:29,0,0,0,0,21,0,0,0,0,3,0,0,0,0,0,11,0,12,0,0,0,4,0,4,0,0,0,0,0,0,3,0,0,0,0,0,2,0,1,0,0,3,0,1,0,0,0,0,0,0,0,0,0,0,0,0,0,0,0,0,0,0,0,0,0,1,0,0,0,0,0,R2_Personal_Hygiene
18:00:02,03:28:21,0,225,0,0,0,0,0,149,0,11,101,0,59,78,0,0,0,0,0,0,86,0,0,0,25,0,59,0,0,0,0,0,0,0,0,14,0,0,0,0,0,0,0,0,0,0,0,2,0,0,0,0,2,0,0,0,0,0,0,0,0,0,0,0,0,0,0,0,0,0,0,Meal_Preparation
21:37:59,00:45:00,0,0,0,0,0,0,0,0,0,0,0,0,0,0,99,0,35,0,0,42,0,0,146,0,0,9,0,0,0,0,0,0,0,0,0,0,0,6,0,3,0,0,0,0,0,0,0,0,0,0,0,0,0,0,0,0,0,1,0,0,0,0,0,0,0,0,0,0,0,0,0,Watch_TV
22:25:57,01:29:53,260,0,317,27,0,20,0,0,1,0,0,0,0,0,0,0,0,0,33,0,0,0,0,0,0,0,0,0,5,0,0,0,0,0,0,0,0,0,0,0,0,0,0,0,0,0,0,0,0,0,0,0,0,0,0,0,0,0,0,0,0,0,0,0,0,0,0,0,0,0,0,R2_Work
22:26:57,00:48:37,260,0,181,0,0,0,0,0,0,0,0,0,0,0,0,0,0,0,33,0,0,0,0,0,0,0,0,0,0,0,0,0,0,0,0,0,0,0,0,0,0,0,0,0,0,0,0,0,0,0,0,0,0,0,0,0,0,0,0,0,0,0,0,0,0,0,0,0,0,0,0,R1_Work
23:15:41,08:37:12,0,0,122,168,97,96,86,0,91,6,0,0,0,0,0,21,0,34,0,0,0,26,0,32,0,0,0,0,7,0,7,0,0,0,0,0,7,0,3,0,0,4,0,5,0,0,0,0,0,0,0,0,0,0,0,0,0,0,0,0,0,0,0,0,0,1,0,0,0,0,0,R1_Sleep
23:55:50,07:29:32,0,0,0,126,6,70,86,0,91,0,0,0,0,0,0,5,0,4,0,0,0,9,0,16,0,0,0,0,3,0,3,0,0,0,0,0,3,0,2,0,0,2,0,3,0,0,0,0,0,0,0,0,0,0,0,0,0,0,0,0,0,0,0,0,0,0,0,0,0,0,0,R2_Sleep
06:57:27,00:02:56,0,0,0,3,6,0,0,0,0,0,0,0,0,0,0,5,0,4,0,0,0,9,0,16,0,0,0,0,2,0,3,0,0,0,0,0,3,0,2,0,0,2,0,3,0,0,0,0,0,0,0,0,0,0,0,0,0,0,0,0,0,0,0,0,0,0,0,0,0,0,0,R2_Bed_to_Toilet
07:25:35,00:38:43,0,0,0,14,163,6,0,0,0,10,0,0,0,0,0,55,0,38,0,0,0,25,0,20,0,0,0,0,2,0,6,0,0,0,0,0,5,0,1,0,0,2,0,4,0,0,0,0,0,0,0,0,0,0,0,0,0,0,0,0,0,0,0,0,0,1,0,0,0,0,0,R2_Personal_Hygiene
08:08:41,00:39:19,0,190,0,0,0,0,0,48,0,43,48,0,32,16,0,0,0,0,0,0,14,0,0,0,14,0,0,0,0,0,0,0,0,0,0,0,0,0,0,0,0,0,0,0,0,0,0,0,0,0,0,0,4,0,0,0,0,0,0,0,0,0,0,0,0,0,0,0,0,0,0,Meal_Preparation
08:48:06,00:41:28,1,0,0,0,124,0,0,0,0,0,0,0,0,0,0,33,0,34,0,0,0,14,0,14,0,0,0,0,0,0,4,0,2,0,4,0,0,0,0,0,0,0,0,0,0,0,0,0,0,0,0,0,0,0,0,0,0,0,0,0,0,0,0,0,0,0,0,0,0,0,0,R1_Personal_Hygiene
09:37:27,00:20:12,0,102,0,0,0,0,0,42,0,26,35,0,33,24,0,0,4,0,0,0,18,0,0,0,14,0,6,0,0,0,1,2,0,0,0,0,0,0,0,0,4,1,0,0,2,0,2,4,0,0,1,2,0,0,0,0,0,0,0,0,0,0,0,0,0,0,0,0,0,0,0,Meal_Preparation
12:17:22,00:42:52,0,108,0,0,0,0,0,51,0,15,28,0,52,42,53,0,17,0,0,80,9,0,0,0,14,35,8,0,0,3,0,3,0,0,0,17,0,0,0,9,0,0,0,0,2,0,2,2,0,0,0,0,0,6,0,0,0,1,2,0,0,0,0,0,0,0,0,0,0,0,0,Meal_Preparation
12:30:53,00:30:00,0,37,0,0,0,0,0,33,0,9,14,0,46,30,59,0,18,0,0,86,2,0,0,0,6,37,8,0,0,3,0,3,0,0,0,17,0,2,0,10,0,0,0,0,2,0,2,2,0,0,0,0,0,6,1,0,0,2,2,0,0,0,0,0,0,0,0,0,0,0,0,Watch_TV
18:02:45,01:38:12,0,265,0,0,0,0,0,175,0,162,93,0,79,123,0,0,0,0,0,0,33,0,0,0,45,0,26,0,0,0,0,15,0,0,0,16,0,0,0,0,10,0,0,0,0,0,0,4,0,0,0,0,0,0,0,0,57,0,0,0,0,0,0,0,0,0,0,0,0,0,0,Meal_Preparation
19:41:14,03:00:02,851,0,0,18,0,47,0,0,0,0,0,0,0,0,0,0,6,0,76,0,0,0,50,0,0,20,0,0,0,0,0,0,0,0,0,0,0,0,0,0,0,0,0,0,0,0,0,0,0,0,0,0,0,0,0,0,0,0,0,0,0,0,0,0,0,0,0,0,0,0,0,Study
19:41:40,02:35:55,851,0,0,0,0,0,0,0,0,0,0,0,0,0,0,0,4,0,76,0,0,0,40,0,0,14,0,0,0,0,0,0,0,0,0,0,0,0,0,0,0,0,0,0,0,0,0,0,0,0,0,0,0,0,0,0,0,0,0,0,0,0,0,0,0,0,0,0,0,0,0,R1_Work
22:21:49,09:24:55,0,0,0,171,0,153,122,0,129,0,0,0,0,0,0,0,1,0,0,0,0,0,8,0,0,1,0,0,0,0,0,0,0,0,0,0,0,0,0,0,0,0,0,0,0,0,0,0,0,0,0,0,0,0,0,0,0,0,0,0,0,0,0,0,0,0,0,0,0,0,0,R1_Sleep
23:07:16,09:24:06,0,30,0,139,147,96,154,17,165,0,18,0,15,12,0,27,0,34,0,0,0,20,0,17,6,0,2,0,0,0,13,2,8,0,8,0,0,0,0,0,0,0,6,0,0,1,0,0,0,0,0,0,0,0,0,0,0,0,0,0,0,0,0,0,0,0,0,0,0,0,0,R2_Sleep
07:47:26,00:23:00,0,0,0,0,108,0,10,0,10,0,0,0,0,0,0,7,0,29,0,0,0,16,0,15,0,0,0,0,0,0,6,0,3,0,2,0,0,0,0,0,0,0,0,0,0,0,0,0,0,0,0,0,0,0,0,0,0,0,0,0,0,0,0,0,0,0,0,0,0,0,0,R1_Personal_Hygiene
08:10:36,00:03:42,0,0,0,0,30,0,4,0,2,0,0,0,0,0,0,15,0,0,0,0,0,0,0,0,0,0,0,0,0,0,3,0,3,0,2,0,0,0,0,0,0,0,0,0,0,0,0,0,0,0,0,0,0,0,0,0,0,0,0,0,0,0,0,0,0,0,0,0,0,0,0,R1_Personal_Hygiene
08:18:19,00:01:08,0,0,0,0,8,0,2,0,2,0,0,0,0,0,0,4,0,5,0,0,0,4,0,2,0,0,0,0,0,0,4,0,1,0,3,0,0,0,0,0,0,0,2,0,0,1,0,0,0,0,0,0,0,0,0,0,0,0,0,0,0,0,0,0,0,0,0,0,0,0,0,R1_Bed_to_Toilet
08:20:14,00:11:53,0,32,0,0,2,0,16,19,22,0,20,0,22,14,0,2,0,2,0,0,0,2,0,2,8,0,2,0,1,0,2,4,0,0,0,0,2,0,2,0,0,0,4,2,0,0,0,0,0,0,0,0,0,0,0,0,0,0,0,0,0,0,0,0,0,0,0,0,0,0,0,Meal_Preparation
08:31:23,00:01:46,0,2,0,0,5,0,0,2,0,0,2,0,6,2,0,5,0,3,0,0,0,8,0,6,2,0,0,0,1,0,3,2,0,0,0,0,2,0,2,0,0,1,0,2,0,0,0,0,0,0,0,0,0,0,0,0,0,0,0,0,0,0,0,0,0,0,0,0,0,0,0,R2_Bed_to_Toilet
09:09:19,00:43:21,0,0,0,0,206,0,0,0,0,0,0,0,0,0,0,61,0,26,0,0,0,18,0,12,0,0,0,0,0,0,6,0,0,0,0,0,2,0,0,0,0,0,0,3,0,0,0,0,0,0,0,0,0,0,0,0,0,0,0,0,0,0,0,0,0,0,0,0,0,0,0,R2_Personal_Hygiene
09:54:51,00:50:48,0,195,0,0,0,0,0,85,0,259,41,0,62,38,0,0,0,0,0,0,33,0,0,0,14,0,7,0,0,0,0,10,0,0,0,0,0,0,0,0,0,0,0,0,1,0,0,2,0,0,0,0,0,0,0,0,0,0,0,0,0,0,0,0,0,0,0,0,0,0,0,Meal_Preparation
11:06:55,00:33:11,0,65,0,0,0,0,0,38,0,32,14,0,5,32,0,0,0,0,0,0,0,0,0,0,4,0,6,0,0,0,0,18,0,0,0,0,0,0,0,0,0,0,0,0,0,0,0,2,0,0,0,0,0,0,0,0,0,0,0,0,0,0,0,0,0,0,0,0,0,0,0,Meal_Preparation
18:21:07,03:46:48,1432,0,0,1,0,0,0,0,0,0,0,1007,0,0,8,0,50,0,58,14,158,0,67,0,0,50,0,0,0,0,0,1,0,21,0,0,0,5,0,3,0,0,0,0,0,0,0,0,0,0,0,0,0,0,2,1,0,2,0,4,0,0,0,0,0,0,0,0,0,0,0,R1_Work
18:37:38,00:33:39,321,0,0,1,0,0,0,0,0,0,0,82,0,0,8,0,16,0,1,14,0,0,4,0,0,17,0,0,0,0,0,1,0,0,0,0,0,5,0,3,0,0,0,0,0,0,0,0,0,0,0,0,0,0,2,1,0,2,0,0,0,0,0,0,0,0,0,0,0,0,0,Watch_TV
19:39:57,02:29:48,844,0,0,0,0,0,0,0,0,0,0,926,0,0,0,0,38,0,32,0,174,0,64,0,0,37,0,0,0,0,0,0,0,22,0,0,0,0,0,0,0,0,0,0,0,0,0,0,0,0,0,0,0,0,0,0,0,0,0,4,0,0,0,0,0,0,0,0,0,0,0,Study
22:10:04,00:10:57,0,0,29,22,0,94,0,0,0,0,0,0,0,0,0,0,0,0,0,0,0,0,0,0,0,0,0,0,24,0,0,0,0,0,0,0,0,0,0,0,0,0,0,0,0,0,0,0,0,0,0,0,0,0,0,0,0,0,0,0,0,0,0,0,0,0,0,0,0,0,0,R2_Work
22:11:45,08:38:16,0,0,26,274,0,247,232,0,134,0,0,0,0,0,0,0,0,0,0,0,0,0,0,0,0,0,0,0,10,0,0,0,0,0,0,0,0,0,0,0,0,0,0,0,0,0,0,0,0,0,0,0,0,0,0,0,0,0,0,0,0,0,0,0,0,0,0,0,0,0,0,R1_Sleep
22:21:10,08:40:13,0,0,0,252,5,151,240,0,144,0,0,0,0,0,0,2,0,4,0,0,0,6,0,6,0,0,0,0,0,0,2,0,3,0,4,0,0,0,0,0,0,0,0,0,0,0,0,0,0,0,0,0,0,0,0,0,0,0,0,0,0,0,0,0,0,0,0,0,0,0,0,R2_Sleep
06:50:47,00:20:56,0,0,0,0,9,0,8,0,10,0,0,0,0,0,0,3,0,24,0,0,0,6,0,6,0,0,0,0,0,0,4,0,4,0,5,0,0,0,0,0,0,0,0,0,0,0,0,0,0,0,0,0,0,0,0,0,0,0,0,0,0,0,0,0,0,0,0,0,0,0,0,R1_Bed_to_Toilet
07:12:28,00:03:43,0,34,0,0,23,0,0,16,0,0,6,0,2,4,0,5,0,4,0,0,0,4,0,2,0,0,4,0,1,0,1,4,0,0,0,2,1,0,0,0,0,1,0,2,0,0,0,0,0,0,0,0,2,0,0,0,0,0,0,0,0,0,0,0,0,0,0,0,0,0,0,R2_Bed_to_Toilet
07:12:40,00:03:20,0,34,0,0,21,0,0,16,0,0,6,0,2,4,0,5,0,4,0,0,0,4,0,2,0,0,3,0,0,0,0,4,0,0,0,2,0,0,0,0,0,0,0,0,0,0,0,0,0,0,0,0,2,0,0,0,0,0,0,0,0,0,0,0,0,0,0,0,0,0,0,Meal_Preparation
07:16:16,00:08:17,0,0,0,0,65,0,3,0,0,0,0,0,0,0,0,11,0,10,0,0,0,4,0,0,0,0,0,0,0,0,1,0,0,0,1,0,0,0,0,0,0,0,0,0,0,0,0,0,0,0,0,0,0,0,0,0,0,0,0,0,0,0,0,0,0,0,0,0,0,0,0,R1_Personal_Hygiene
07:24:45,00:02:26,1,0,0,0,12,0,0,0,0,0,0,0,0,0,0,7,0,10,0,0,0,8,0,6,0,0,0,0,1,0,1,0,0,0,0,0,0,0,0,0,0,0,0,1,0,0,0,0,0,0,0,0,0,0,0,0,0,0,0,0,0,0,0,0,0,0,0,0,0,0,0,R2_Personal_Hygiene
07:27:14,00:05:04,26,50,0,0,0,0,0,0,0,2,2,0,0,0,0,0,0,0,9,0,0,0,0,0,0,0,2,0,0,0,0,2,0,0,0,0,0,0,0,0,0,0,0,0,0,0,0,0,0,0,0,0,0,0,0,0,0,0,0,0,0,0,0,0,0,0,0,0,0,0,0,R1_Work
07:27:20,00:06:44,26,66,0,0,0,0,0,16,0,2,6,0,0,1,0,0,0,0,7,0,0,0,0,0,0,0,4,0,0,0,0,4,0,0,0,0,0,0,0,0,0,0,0,0,0,0,0,0,0,0,0,0,0,0,0,0,0,0,0,0,0,0,0,0,0,0,0,0,0,0,0,Meal_Preparation
08:03:53,00:51:20,0,0,0,0,139,0,0,0,0,0,0,0,0,0,0,37,0,38,0,0,0,18,0,42,0,0,0,0,3,0,4,0,0,0,0,0,1,0,1,0,0,2,0,3,0,0,0,0,0,0,0,0,0,0,0,0,0,0,0,0,0,0,0,0,0,0,0,0,0,0,0,R2_Personal_Hygiene
08:57:42,01:55:59,220,0,0,0,0,0,0,0,0,0,0,0,0,0,0,0,48,0,26,0,34,0,32,0,0,26,0,0,0,0,0,0,0,12,0,0,0,0,0,0,0,0,0,0,0,0,0,0,0,0,0,0,0,0,0,0,0,0,0,0,0,0,0,0,0,0,0,0,0,0,0,Watch_TV
09:20:53,00:46:39,220,0,0,0,0,0,0,0,0,0,0,0,0,0,0,0,13,0,26,0,18,0,10,0,0,6,0,0,0,0,0,0,0,10,0,0,0,0,0,0,0,0,0,0,0,0,0,0,0,0,0,0,0,0,0,0,0,0,0,0,0,0,0,0,0,0,0,0,0,0,0,R1_Work
11:07:12,01:17:05,0,203,0,0,0,0,0,94,0,169,78,0,132,52,0,0,0,0,0,0,48,0,0,0,28,0,13,0,0,0,0,14,0,0,0,25,0,0,0,0,4,0,0,0,0,0,0,2,0,0,0,0,0,0,0,0,0,0,0,0,0,0,0,0,0,0,0,0,0,0,0,Meal_Preparation
17:31:15,04:47:02,1917,0,0,0,0,0,0,0,0,0,0,0,0,0,0,0,0,0,18,0,0,0,0,0,0,0,0,0,0,0,0,0,0,0,0,0,0,0,0,0,0,0,0,0,0,0,0,0,0,0,0,0,0,0,0,0,0,0,0,0,0,0,0,0,0,0,0,0,0,0,0,R1_Work
22:22:37,07:39:33,0,0,266,196,0,297,114,0,90,0,0,0,0,0,0,0,0,0,0,0,0,0,0,0,0,0,0,0,64,0,0,0,0,0,0,0,0,0,0,0,0,0,0,0,0,0,0,0,0,0,0,0,0,0,0,0,0,0,0,0,0,0,0,0,0,0,0,0,0,0,0,R1_Sleep
22:36:28,00:54:58,0,0,266,86,0,185,0,0,0,0,0,0,0,0,0,0,0,0,0,0,0,0,0,0,0,0,0,0,64,0,0,0,0,0,0,0,0,0,0,0,0,0,0,0,0,0,0,0,0,0,0,0,0,0,0,0,0,0,0,0,0,0,0,0,0,0,0,0,0,0,0,R2_Work
23:31:26,08:25:55,47,33,0,90,147,73,166,28,158,0,16,0,0,20,0,49,0,48,43,0,19,24,0,19,0,0,2,0,0,0,10,4,9,0,13,0,0,0,0,0,0,0,0,0,0,0,0,0,0,0,0,0,0,0,0,0,0,0,0,0,0,0,0,0,0,0,0,0,0,0,0,R2_Sleep
06:05:54,00:17:39,0,0,0,1,7,0,6,0,4,0,0,0,0,0,0,8,0,21,0,0,0,6,0,6,0,0,0,0,0,0,4,0,3,0,4,0,0,0,0,0,0,0,0,0,0,0,0,0,0,0,0,0,0,0,0,0,0,0,0,0,0,0,0,0,0,0,0,0,0,0,0,R1_Bed_to_Toilet
06:23:48,00:07:38,0,0,0,0,58,0,0,0,0,0,0,0,0,0,0,24,0,13,1,0,0,6,0,2,0,0,0,0,0,0,3,0,1,0,3,0,0,0,0,0,0,0,0,0,0,0,0,0,0,0,0,0,0,0,0,0,0,0,0,0,0,0,0,0,0,0,0,0,0,0,0,R1_Personal_Hygiene
06:34:29,00:01:32,0,0,0,0,18,0,0,0,0,0,0,0,0,0,0,4,0,6,1,0,0,0,0,0,0,0,0,0,0,0,0,0,3,0,3,0,0,0,0,0,0,0,0,0,0,0,0,0,0,0,0,0,0,0,0,0,0,0,0,0,0,0,0,0,0,0,0,0,0,0,0,R1_Personal_Hygiene
06:36:39,00:19:27,0,33,0,0,0,0,0,28,2,0,16,0,0,20,0,0,0,0,0,0,19,0,0,0,0,0,2,0,0,0,0,4,0,0,0,0,0,0,0,0,0,0,0,0,0,0,0,0,0,0,0,0,0,0,0,0,0,0,0,0,0,0,0,0,0,0,0,0,0,0,0,Meal_Preparation
07:32:43,00:07:52,0,0,0,0,64,0,3,0,9,0,0,0,0,0,0,13,0,8,0,0,0,12,0,11,0,0,0,0,0,0,3,0,2,0,3,0,0,0,0,0,0,0,0,0,0,0,0,0,0,0,0,0,0,0,0,0,0,0,0,0,0,0,0,0,0,0,0,0,0,0,0,R1_Personal_Hygiene
07:40:37,00:19:17,73,0,0,0,0,0,16,0,17,0,0,0,0,0,0,0,0,0,41,0,0,0,0,0,0,0,0,0,0,0,0,0,0,0,0,0,0,0,0,0,0,0,0,0,0,0,0,0,0,0,0,0,0,0,0,0,0,0,0,0,0,0,0,0,0,0,0,0,0,0,0,R1_Work
06:57:38,00:01:52,0,0,1,0,4,0,0,0,0,0,0,0,0,0,0,7,0,4,0,0,0,8,0,5,0,0,0,0,2,0,3,0,0,0,0,0,3,0,1,0,0,3,0,2,0,0,0,0,0,1,0,0,0,0,0,0,0,0,0,0,0,0,0,0,0,0,0,0,0,0,0,R2_Bed_to_Toilet
07:00:25,00:56:27,0,276,0,0,0,0,0,46,0,0,51,0,46,16,0,0,5,0,0,2,2,0,0,0,16,5,11,20,0,0,0,1,0,0,0,2,0,0,0,0,0,0,0,0,1,0,0,0,0,0,0,0,2,0,0,0,0,0,0,0,0,0,0,0,0,0,0,0,0,0,0,Meal_Preparation
09:12:59,00:01:56,0,0,0,1,6,0,0,0,0,0,0,0,0,0,0,4,0,3,0,0,0,4,0,3,0,0,0,0,0,0,3,0,1,0,3,0,0,0,0,0,0,0,0,0,0,0,0,0,0,0,0,0,0,0,2,0,0,0,0,0,0,0,0,0,0,0,0,0,0,0,0,R1_Bed_to_Toilet
09:15:17,00:27:04,122,0,0,0,0,0,0,0,0,0,0,0,0,0,0,0,0,0,0,0,0,0,0,0,0,0,0,0,0,0,0,0,0,0,0,0,0,0,0,0,0,0,0,0,0,0,0,0,0,0,0,0,0,0,0,0,0,0,0,0,0,0,0,0,0,0,0,0,0,0,0,R1_Work
09:43:32,01:07:06,145,64,213,0,37,0,0,28,0,0,55,0,3,17,0,31,0,20,32,0,18,10,0,10,10,0,37,2,35,0,0,38,1,0,0,7,0,0,0,0,0,0,0,0,0,0,0,0,0,0,0,0,0,0,0,0,0,0,0,0,0,1,0,0,0,0,0,0,0,0,0,R2_Work
09:44:11,00:10:03,0,0,16,0,36,0,0,1,0,0,0,0,0,0,0,31,0,20,0,0,0,10,0,10,0,0,0,0,4,0,0,0,1,0,0,0,0,0,0,0,0,0,0,0,0,0,0,0,0,0,0,0,0,0,0,0,0,0,0,0,0,0,0,0,0,0,0,0,0,0,0,R1_Personal_Hygiene
09:55:09,00:14:39,0,64,8,0,0,0,0,27,0,0,55,0,3,17,0,0,0,0,0,0,18,0,0,0,10,0,37,2,6,0,0,38,0,0,0,7,0,0,0,0,0,0,0,0,0,0,0,0,0,0,0,0,0,0,0,0,0,0,0,0,0,1,0,0,0,0,0,0,0,0,0,Meal_Preparation
10:21:29,00:29:49,149,0,86,0,0,0,0,0,0,0,0,0,0,0,0,0,0,0,32,0,0,0,0,0,0,0,0,0,15,0,0,0,0,0,0,0,0,0,0,0,0,0,0,0,0,0,0,0,0,0,0,0,0,0,0,0,0,0,0,0,0,0,0,0,0,0,0,0,0,0,0,R1_Work
14:24:33,02:46:31,539,0,0,0,0,0,0,0,0,0,0,0,0,0,0,0,0,0,14,0,0,0,0,0,0,0,0,0,0,0,0,0,0,0,0,0,0,0,0,0,0,0,0,0,0,0,0,0,0,0,0,0,0,0,0,0,0,0,0,0,0,0,0,0,0,0,0,0,0,0,0,R1_Work
18:56:29,00:06:15,0,0,0,0,17,0,0,0,0,0,0,0,0,0,0,19,0,8,0,0,0,5,0,16,0,0,0,0,1,0,3,0,0,0,0,0,3,0,1,0,0,0,0,3,0,0,0,0,0,0,0,0,0,0,0,0,0,0,0,0,0,0,0,0,0,0,0,0,0,0,0,R2_Personal_Hygiene
19:19:08,01:05:41,0,0,0,0,0,0,0,0,0,0,0,0,0,0,30,0,2,0,0,10,0,0,0,0,0,6,0,0,0,178,0,0,0,0,0,0,0,5,0,4,0,0,0,0,0,0,0,0,0,0,0,0,0,1,1,0,0,1,0,0,0,0,0,0,0,0,0,0,0,0,0,Watch_TV
20:35:02,01:48:03,0,0,0,113,60,34,0,0,0,0,0,583,0,0,71,18,34,6,3,0,43,6,13,8,0,32,0,0,0,0,4,0,9,2,7,0,0,0,0,0,0,0,0,0,0,1,0,0,0,0,0,0,0,0,0,0,0,0,0,0,0,0,0,0,0,0,0,0,0,0,0,Study
21:31:03,00:10:15,0,0,0,0,60,0,0,0,0,0,0,72,0,0,0,18,0,6,3,0,0,6,0,8,0,0,0,0,0,0,4,0,9,0,7,0,0,0,0,0,0,0,0,0,0,1,0,0,0,0,0,0,0,0,0,0,0,0,0,0,0,0,0,0,0,0,0,0,0,0,0,R1_Personal_Hygiene
21:42:36,10:37:07,0,52,126,315,186,194,136,32,164,4,31,195,30,14,0,62,0,80,0,0,21,64,0,52,2,0,6,4,7,0,11,4,0,0,0,0,9,0,3,0,0,7,0,3,2,0,2,0,0,1,2,2,0,0,0,0,0,0,0,0,0,0,0,0,0,0,0,0,0,0,0,R1_Sleep
22:23:08,00:06:00,0,19,0,10,0,0,0,22,0,4,4,0,30,11,0,0,0,0,0,0,16,0,0,0,0,0,2,4,0,0,0,2,0,0,0,0,0,0,0,0,0,0,0,0,0,0,0,0,0,0,0,0,0,0,0,0,0,0,0,0,0,0,0,0,0,0,0,0,0,0,0,Meal_Preparation
22:29:33,08:30:25,0,0,0,164,6,132,136,0,164,0,0,0,0,0,0,6,0,4,0,0,0,5,0,6,0,0,0,0,3,0,4,0,0,0,0,0,3,0,1,0,0,4,0,2,0,0,0,0,0,1,0,0,0,0,0,0,0,0,0,0,0,0,0,0,0,0,0,0,0,0,0,R2_Sleep
05:25:29,00:01:38,0,0,0,6,6,2,0,0,0,0,0,0,0,0,0,6,0,4,0,0,0,5,0,6,0,0,0,0,3,0,4,0,0,0,0,0,3,0,1,0,0,4,0,2,0,0,0,0,0,0,0,0,0,0,0,0,0,0,0,0,0,0,0,0,0,0,0,0,0,0,0,R2_Bed_to_Toilet
07:12:09,00:47:56,0,0,0,6,180,6,0,0,0,0,0,0,0,0,0,56,0,76,0,0,0,59,0,46,0,0,0,0,2,0,5,0,0,0,0,0,3,0,1,0,0,2,0,1,0,0,0,0,0,0,0,0,0,0,0,0,0,0,0,0,0,0,0,0,0,0,0,0,0,0,0,R2_Personal_Hygiene
08:00:09,00:15:38,0,0,126,16,0,18,0,0,0,0,0,0,0,0,0,0,0,0,0,0,0,0,0,0,0,0,0,0,1,0,0,0,0,0,0,0,0,0,0,0,0,0,0,0,0,0,0,0,0,0,0,0,0,0,0,0,0,0,0,0,0,0,0,0,0,0,0,0,0,0,0,R2_Work
08:16:04,00:36:58,0,132,0,5,0,3,0,71,0,6,51,94,21,34,2,0,2,0,0,1,34,0,0,0,14,4,10,18,0,0,0,2,0,0,0,0,0,0,0,0,0,0,0,0,1,0,0,5,0,0,0,0,0,0,0,0,0,0,0,0,0,0,0,0,0,0,0,0,0,0,0,Meal_Preparation
08:24:15,00:12:29,0,0,0,0,0,0,0,0,0,0,0,94,0,0,1,0,2,0,0,0,13,0,0,0,0,3,0,0,0,0,0,0,0,0,0,0,0,0,0,0,0,0,0,0,0,0,0,0,0,0,0,0,0,0,0,0,0,0,0,0,0,0,0,0,0,0,0,0,0,0,0,Study
09:01:01,00:09:12,42,0,0,0,0,0,0,0,0,0,0,0,0,0,0,0,0,0,7,0,0,0,0,0,0,0,0,0,0,0,0,0,0,0,0,0,0,0,0,0,0,0,0,0,0,0,0,0,0,0,0,0,0,0,0,0,0,0,0,0,0,0,0,0,0,0,0,0,0,0,0,R1_Work
09:10:19,00:16:24,0,0,0,0,12,0,0,0,0,0,0,0,0,0,0,9,0,21,0,0,0,13,0,10,0,0,0,0,0,0,2,0,1,0,4,0,0,0,0,0,0,0,0,0,0,0,0,0,0,0,0,0,0,0,0,0,0,0,0,0,0,0,0,0,0,0,0,0,0,0,0,R1_Personal_Hygiene
09:33:30,00:21:01,0,26,0,0,0,0,0,30,0,16,20,0,16,13,0,0,0,0,0,0,0,0,0,0,6,0,2,10,0,0,0,1,0,0,0,0,0,0,0,0,0,0,0,0,0,0,0,2,0,0,0,0,0,0,0,0,0,0,0,0,0,0,0,0,0,0,0,0,0,0,0,Meal_Preparation
12:46:08,00:16:45,0,31,0,0,0,0,0,13,0,13,10,0,3,12,0,0,0,0,0,0,0,0,0,0,8,0,6,6,0,0,0,10,0,0,0,3,0,0,0,0,0,0,0,0,0,0,0,0,0,0,0,0,0,0,0,0,0,0,0,0,0,0,0,0,0,0,0,0,0,0,0,Meal_Preparation
16:28:44,00:47:13,0,85,0,0,0,0,0,79,0,141,14,0,6,36,0,0,0,0,0,0,4,0,0,0,8,0,10,22,0,0,0,16,0,0,0,17,0,0,0,0,0,0,0,0,0,0,0,4,4,0,0,0,0,0,0,0,0,0,0,0,0,0,0,0,0,0,0,0,0,0,0,Meal_Preparation
18:42:28,00:33:20,0,0,134,0,0,0,0,0,0,0,0,0,0,0,0,0,0,0,0,0,0,0,0,0,0,0,0,0,14,0,0,0,0,0,0,0,0,0,0,0,0,0,0,0,0,0,0,0,0,0,0,0,0,0,0,0,0,0,0,0,0,0,0,0,0,0,0,0,0,0,0,R2_Work
22:12:11,09:24:29,0,0,271,301,6,166,146,0,118,0,0,0,0,0,0,3,0,4,0,0,0,8,0,6,0,0,0,0,43,0,3,0,0,0,0,0,3,0,2,0,0,2,0,3,0,0,0,0,0,0,0,0,0,0,0,0,0,0,0,0,0,0,0,0,0,0,0,0,0,0,0,R1_Sleep
23:01:09,00:50:30,0,0,271,6,0,2,0,0,0,0,0,0,0,0,0,0,0,0,0,0,0,0,0,0,0,0,0,0,42,0,0,0,0,0,0,0,0,0,0,0,0,0,0,0,0,0,0,0,0,0,0,0,0,0,0,0,0,0,0,0,0,0,0,0,0,0,0,0,0,0,0,R2_Work
23:51:52,08:11:28,0,0,0,146,9,80,161,0,140,0,0,0,0,0,0,5,0,17,0,0,0,16,0,14,0,0,0,0,1,0,3,0,0,0,0,0,3,0,2,0,0,2,0,3,0,0,0,0,0,0,0,0,0,0,0,0,0,0,0,0,0,0,0,0,0,0,0,0,0,0,0,R2_Sleep
02:19:17,00:01:40,0,0,0,0,6,2,0,0,0,0,0,0,0,0,0,3,0,4,0,0,0,8,0,6,0,0,0,0,1,0,3,0,0,0,0,0,3,0,2,0,0,2,0,3,0,0,0,0,0,0,0,0,0,0,0,0,0,0,0,0,0,0,0,0,0,0,0,0,0,0,0,R2_Bed_to_Toilet
07:41:04,00:23:19,0,0,0,0,5,0,16,0,20,0,0,0,0,0,0,4,0,16,0,0,0,8,0,8,0,0,0,0,0,0,2,0,1,0,2,0,0,0,0,0,0,0,0,0,0,0,0,0,0,0,0,0,0,0,0,0,0,0,0,0,0,0,0,0,0,0,0,0,0,0,0,R1_Bed_to_Toilet
08:06:22,00:29:03,0,0,0,0,153,0,0,0,0,0,0,0,0,0,0,51,0,12,1,0,0,4,0,2,0,0,0,0,0,0,12,0,7,0,10,0,0,0,0,0,0,0,0,0,0,0,0,0,0,0,0,0,0,0,0,0,0,0,0,0,0,0,0,0,0,0,0,0,0,0,0,R1_Personal_Hygiene
08:46:49,00:04:23,0,27,0,0,0,0,0,4,0,4,16,0,14,0,0,0,0,0,0,0,0,0,0,0,6,0,10,2,0,0,0,22,0,0,0,5,0,0,0,0,0,0,0,0,0,0,0,0,0,0,0,0,0,0,0,0,0,0,0,0,0,0,0,0,0,0,0,0,0,0,0,Meal_Preparation
09:19:26,00:01:50,0,0,0,0,10,0,0,0,0,0,0,0,0,0,0,3,0,8,0,0,0,8,0,8,0,0,0,0,1,0,3,0,0,0,0,0,2,0,1,0,0,2,0,3,0,0,0,0,0,0,0,0,0,0,0,0,0,0,0,0,0,0,0,0,0,0,0,0,0,0,0,R2_Bed_to_Toilet
09:21:53,00:20:10,0,44,0,0,0,0,0,22,0,8,23,0,32,12,0,0,0,0,0,0,12,0,0,0,0,0,3,6,0,0,0,1,0,0,0,0,0,0,0,0,0,0,0,0,1,0,0,0,0,0,0,0,0,0,0,0,0,0,0,0,0,0,0,0,0,0,0,0,0,0,0,Meal_Preparation
09:52:46,00:33:38,0,0,0,0,76,0,0,0,0,0,0,0,0,0,0,30,0,21,0,0,0,7,0,10,0,0,0,0,2,0,0,0,1,0,0,0,2,0,3,0,0,1,0,0,0,0,0,0,0,1,0,0,0,0,0,0,0,0,0,0,0,0,0,0,0,0,0,0,0,0,0,R2_Personal_Hygiene
11:02:34,00:22:02,0,66,0,0,0,0,0,37,0,12,31,0,6,33,0,0,0,0,0,0,20,0,0,0,10,0,4,4,0,0,0,5,0,0,0,0,0,0,0,0,14,0,0,0,0,0,0,0,2,0,0,0,0,0,0,0,0,0,0,0,0,0,0,0,0,0,0,0,0,0,0,Meal_Preparation
11:26:18,01:16:44,0,16,0,0,94,0,0,2,0,6,8,140,11,6,0,23,3,4,1,0,46,4,14,4,7,15,0,0,0,0,6,1,24,0,10,0,0,0,0,0,0,0,0,0,0,0,0,0,0,0,0,0,0,0,0,0,0,0,0,0,0,0,0,0,0,0,0,0,0,0,0,Study
12:21:19,00:10:47,0,16,0,0,0,0,0,2,0,5,8,38,11,6,0,0,3,0,0,0,2,0,0,0,7,5,0,0,0,0,0,1,0,0,0,0,0,0,0,0,0,0,0,0,0,0,0,0,0,0,0,0,0,0,0,0,0,0,0,0,0,0,0,0,0,0,0,0,0,0,0,Meal_Preparation
12:32:29,00:10:36,0,0,0,0,95,0,0,0,0,0,0,34,0,0,0,24,0,4,1,0,4,4,0,4,0,0,0,0,0,0,7,0,25,0,11,0,0,0,0,0,0,0,0,0,0,0,0,0,0,0,0,0,0,0,0,0,0,0,0,0,0,0,0,0,0,0,0,0,0,0,0,R1_Personal_Hygiene
16:00:00,01:33:23,0,146,0,0,0,0,0,95,0,81,52,0,91,67,41,0,2,0,0,14,2,0,0,0,20,4,6,14,0,8,0,8,0,0,0,0,0,9,0,6,2,0,0,0,0,0,0,0,0,0,0,0,0,0,0,0,0,0,0,0,0,0,0,0,0,0,0,0,0,0,0,Meal_Preparation
16:34:40,03:05:17,0,45,0,0,0,0,0,14,0,2,22,0,85,10,296,0,46,0,0,81,0,0,12,0,12,34,0,0,0,272,0,0,0,0,0,0,0,21,0,20,0,0,0,0,0,0,0,0,0,0,0,0,0,0,0,0,0,0,0,0,0,0,0,0,0,0,0,0,0,0,0,Watch_TV
20:40:28,00:35:04,0,99,0,0,0,0,0,70,0,0,14,0,40,39,0,0,0,0,0,0,2,0,0,0,8,0,4,20,0,0,0,5,0,0,0,2,0,0,0,0,0,0,0,0,0,0,0,0,4,0,0,0,2,0,0,0,0,0,0,0,0,0,0,0,0,0,0,0,0,0,0,Meal_Preparation
21:45:28,09:50:22,0,0,117,301,155,254,188,0,213,0,0,0,0,0,0,46,0,32,13,0,0,33,0,32,0,0,0,0,11,0,10,0,3,0,5,0,0,0,4,0,0,4,0,4,0,5,0,0,0,0,1,0,0,0,0,0,0,0,0,0,0,0,0,0,0,0,0,0,0,0,0,R1_Sleep
23:07:23,00:22:54,0,0,117,14,0,0,0,0,0,0,0,0,0,0,0,0,0,0,0,0,0,0,0,0,0,0,0,0,11,0,0,0,0,0,0,0,0,0,0,0,0,0,0,0,0,0,0,0,0,0,0,0,0,0,0,0,0,0,0,0,0,0,0,0,0,0,0,0,0,0,0,R2_Work
23:30:27,07:27:14,0,0,0,142,18,83,188,0,213,0,0,0,0,0,0,10,0,8,0,0,0,16,0,12,0,0,0,0,0,0,8,0,3,0,5,0,0,0,2,0,0,3,0,2,0,0,0,0,0,0,1,0,0,0,0,0,0,0,0,0,0,0,0,0,0,0,0,0,0,0,0,R2_Sleep
02:36:05,00:01:29,0,0,0,0,10,0,0,0,2,0,0,0,0,0,0,4,0,4,0,0,0,4,0,4,0,0,0,0,0,0,4,0,3,0,5,0,0,0,0,0,0,0,0,0,0,0,0,0,0,0,0,0,0,0,0,0,0,0,0,0,0,0,0,0,0,0,0,0,0,0,0,R1_Bed_to_Toilet
06:12:47,00:01:39,0,0,0,0,8,0,0,0,0,0,0,0,0,0,0,6,0,4,0,0,0,12,0,8,0,0,0,0,0,0,4,0,0,0,0,0,0,0,2,0,0,3,0,2,0,0,0,0,0,0,1,0,0,0,0,0,0,0,0,0,0,0,0,0,0,0,0,0,0,0,0,R2_Bed_to_Toilet
06:57:49,00:38:13,0,0,0,26,138,18,0,0,0,0,0,0,0,0,0,39,0,24,14,0,0,17,0,20,0,0,0,0,0,0,3,0,1,0,0,0,1,0,2,0,0,2,0,4,0,5,0,0,0,0,0,0,0,0,0,0,0,0,0,0,0,0,0,0,0,0,0,0,0,0,0,R2_Personal_Hygiene
07:36:07,00:02:56,0,0,0,0,21,0,0,0,0,0,0,0,0,0,0,10,0,0,0,0,0,0,0,0,0,0,0,0,0,0,2,0,1,0,1,0,0,0,0,0,0,0,0,0,0,0,0,0,0,0,0,0,0,0,0,0,0,0,0,0,0,0,0,0,0,0,0,0,0,0,0,R1_Personal_Hygiene
08:00:04,00:50:47,0,87,0,0,0,0,0,70,0,38,44,0,36,37,0,0,0,0,0,0,18,0,0,0,6,0,4,22,0,0,0,8,0,0,0,0,0,0,0,0,0,0,0,0,0,0,0,0,0,0,0,0,0,0,0,0,0,0,0,0,0,0,0,0,0,0,0,0,0,0,0,Meal_Preparation
09:10:54,00:22:57,0,0,0,0,50,0,0,0,0,0,0,0,0,0,0,12,0,31,0,0,0,18,0,14,0,0,0,0,0,0,4,0,1,0,3,0,0,0,0,0,0,2,0,0,0,0,0,0,0,0,1,0,0,0,0,0,0,0,0,0,0,0,0,0,0,0,0,0,0,0,0,R1_Personal_Hygiene
12:04:23,03:38:27,0,52,0,0,0,0,0,14,0,2,17,0,21,15,246,0,11,0,0,45,0,0,30,0,4,12,5,0,0,0,0,10,0,0,0,3,0,4,0,6,0,0,0,0,0,0,0,0,0,0,0,0,0,2,2,0,0,1,0,0,0,0,0,0,0,0,0,0,0,0,0,Watch_TV
13:53:56,00:45:14,0,42,0,0,0,0,0,8,0,2,14,0,21,8,11,0,3,0,0,5,0,0,8,0,4,1,4,0,0,0,0,8,0,0,0,3,0,0,0,0,0,0,0,0,0,0,0,0,0,0,0,0,0,0,0,0,0,0,0,0,0,0,0,0,0,0,0,0,0,0,0,Meal_Preparation
17:47:24,00:33:57,0,42,0,0,0,0,0,23,0,0,15,0,18,15,0,0,0,0,0,0,2,0,0,0,8,0,12,8,0,0,0,16,0,0,0,0,0,0,0,0,0,0,0,0,0,0,0,0,0,0,0,0,0,0,0,0,0,0,0,0,0,0,0,0,0,0,0,0,0,0,0,Meal_Preparation
20:25:15,00:14:26,0,67,0,0,0,0,0,33,0,17,47,0,69,26,0,0,0,0,0,0,0,0,0,0,10,0,6,6,0,0,0,4,0,0,0,5,0,0,0,0,0,0,0,0,0,0,0,0,0,0,0,0,8,0,0,0,0,0,0,0,0,0,0,0,0,0,0,0,0,0,0,Meal_Preparation
20:41:31,02:29:05,602,0,658,86,0,292,0,0,0,0,0,0,0,0,0,0,0,0,72,0,0,0,0,0,0,0,0,0,32,0,0,0,0,0,0,0,0,0,0,0,0,0,0,0,0,0,0,0,0,0,0,0,0,0,0,0,0,0,0,0,0,0,0,0,0,0,0,0,0,0,0,R2_Work
20:43:58,02:24:36,602,0,631,82,0,287,0,0,0,0,0,0,0,0,0,0,0,0,71,0,0,0,0,0,0,0,0,0,11,0,0,0,0,0,0,0,0,0,0,0,0,0,0,0,0,0,0,0,0,0,0,0,0,0,0,0,0,0,0,0,0,0,0,0,0,0,0,0,0,0,0,R1_Work
22:26:02,09:20:47,5,0,246,256,29,416,226,0,199,0,0,0,0,0,0,25,0,18,18,0,0,36,0,41,0,0,0,0,29,0,16,0,3,0,3,0,8,0,6,0,0,7,0,10,0,0,0,0,0,1,0,0,0,0,0,0,0,0,0,0,0,0,0,0,0,0,0,0,0,0,0,R1_Sleep
23:11:07,08:06:06,0,0,0,148,20,111,226,0,199,0,0,0,0,0,0,15,0,14,0,0,0,28,0,17,0,0,0,0,4,0,10,0,3,0,3,0,2,0,3,0,0,5,0,6,0,0,0,0,0,0,0,0,0,0,0,0,0,0,0,0,0,0,0,0,0,0,0,0,0,0,0,R2_Sleep
01:20:22,00:02:11,0,0,0,0,6,0,0,0,0,0,0,0,0,0,0,7,0,4,0,0,0,10,0,8,0,0,0,0,2,0,3,0,0,0,0,0,1,0,3,0,0,3,0,3,0,0,0,0,0,0,0,0,0,0,0,0,0,0,0,0,0,0,0,0,0,0,0,0,0,0,0,R2_Bed_to_Toilet
04:46:41,00:01:23,0,0,0,0,8,0,4,0,2,0,0,0,0,0,0,4,0,6,0,0,0,6,0,4,0,0,0,0,0,0,3,0,3,0,3,0,0,0,0,0,0,0,0,0,0,0,0,0,0,0,0,0,0,0,0,0,0,0,0,0,0,0,0,0,0,0,0,0,0,0,0,R1_Bed_to_Toilet
06:52:46,00:01:21,0,0,0,3,6,1,0,0,0,0,0,0,0,0,0,4,0,4,0,0,0,12,0,5,0,0,0,0,2,0,4,0,0,0,0,0,1,0,0,0,0,2,0,3,0,0,0,0,0,0,0,0,0,0,0,0,0,0,0,0,0,0,0,0,0,0,0,0,0,0,0,R2_Bed_to_Toilet
07:17:16,00:06:11,0,0,0,0,9,0,0,0,0,0,0,0,0,0,0,10,0,4,0,0,0,8,0,24,0,0,0,0,3,0,6,0,0,0,0,0,6,0,3,0,0,2,0,4,0,0,0,0,0,1,0,0,0,0,0,0,0,0,0,0,0,0,0,0,0,0,0,0,0,0,0,R2_Bed_to_Toilet
07:23:37,00:19:25,0,0,45,6,0,4,0,0,0,0,0,0,0,0,0,0,0,0,0,0,0,0,0,0,0,0,0,0,0,0,0,0,0,0,0,0,0,0,0,0,0,0,0,0,0,0,0,0,0,0,0,0,0,0,0,0,0,0,0,0,0,0,0,0,0,0,0,0,0,0,0,R2_Work
07:47:30,00:32:59,0,0,6,2,104,0,0,0,0,0,0,0,0,0,0,49,0,36,0,0,0,16,0,12,0,0,0,0,0,0,18,0,10,0,9,0,0,0,0,0,0,7,4,0,0,0,0,0,0,5,2,0,0,0,0,0,0,0,0,0,0,0,0,0,0,0,0,0,0,0,0,R1_Personal_Hygiene
08:25:56,00:18:18,0,70,0,0,0,0,0,40,0,23,50,0,21,22,0,0,0,0,0,0,2,0,0,0,4,0,10,14,0,0,0,12,0,0,0,4,0,0,0,0,0,0,0,0,0,0,0,2,0,0,0,0,4,0,0,0,0,0,0,0,0,0,0,0,0,0,0,0,0,0,0,Meal_Preparation
12:05:51,00:15:21,0,64,0,0,0,0,0,24,0,0,22,0,33,11,0,0,0,0,0,0,0,0,0,0,22,0,0,0,0,0,0,0,0,0,0,11,0,0,0,0,0,0,0,0,0,0,0,0,0,0,0,0,0,0,0,0,0,0,0,0,0,0,0,0,0,0,0,0,0,0,0,Meal_Preparation
17:46:35,02:19:00,0,29,0,0,1,0,0,33,0,2,13,0,6,19,109,0,24,0,0,48,0,0,2,0,2,26,5,14,0,239,0,1,0,0,0,0,0,8,0,19,2,0,0,0,0,0,0,2,0,0,0,0,0,18,0,0,0,2,2,0,0,0,0,0,0,0,0,0,0,0,0,Watch_TV
18:32:32,00:10:01,0,25,0,0,1,0,0,29,0,2,13,0,6,16,28,0,10,0,0,18,0,0,0,0,2,12,5,12,0,23,0,1,0,0,0,0,0,2,0,2,2,0,0,0,0,0,0,2,0,0,0,0,0,2,0,0,0,0,0,0,0,0,0,0,0,0,0,0,0,0,0,Meal_Preparation
20:07:17,05:26:47,952,0,0,0,0,0,0,0,0,0,0,0,0,0,0,0,0,0,389,0,0,0,0,0,0,0,0,0,0,0,0,0,0,0,0,0,0,0,0,0,0,0,0,0,0,0,0,0,0,0,0,0,0,0,0,0,0,0,0,0,0,0,0,0,0,0,0,0,0,0,0,R1_Work
01:34:06,07:57:37,0,0,0,131,0,91,118,0,147,0,0,0,0,0,0,0,0,0,0,0,0,0,0,0,0,0,0,0,0,0,0,0,0,0,0,0,0,0,0,0,0,0,0,0,0,0,0,0,0,0,0,0,0,0,0,0,0,0,0,0,0,0,0,0,0,0,0,0,0,0,0,R1_Sleep
02:51:48,06:43:00,0,0,0,102,0,78,125,0,151,0,0,0,0,0,0,0,0,0,0,0,0,0,0,0,0,0,0,0,0,0,0,0,0,0,0,0,0,0,0,0,0,0,0,0,0,0,0,0,0,0,0,0,0,0,0,0,0,0,0,0,0,0,0,0,0,0,0,0,0,0,0,R2_Sleep
16:08:19,01:54:41,710,143,0,0,0,0,0,111,0,154,33,0,67,24,0,0,0,0,9,0,4,0,0,0,15,0,0,12,0,0,0,0,0,0,0,4,0,0,0,0,0,0,0,0,0,0,0,0,0,0,0,0,4,0,0,0,0,0,0,0,0,0,0,0,0,0,0,0,0,0,0,R1_Work
16:56:00,01:46:07,413,238,0,0,0,0,0,158,0,164,70,0,113,51,0,0,0,0,2,0,6,0,0,0,31,0,9,25,0,0,0,3,0,0,0,10,0,0,0,0,16,0,0,0,0,0,0,2,0,0,0,0,8,0,0,0,0,0,0,0,2,0,0,0,0,0,0,0,0,0,0,Meal_Preparation
18:13:57,00:19:23,97,0,0,0,0,0,0,0,0,0,0,0,0,0,0,0,0,0,0,0,0,0,0,0,0,0,0,0,0,0,0,0,0,0,0,0,0,0,0,0,0,0,0,0,0,0,0,0,0,0,0,0,0,0,0,0,0,0,0,0,0,0,0,0,0,0,0,0,0,0,0,R1_Work
19:39:25,00:16:29,0,117,0,0,0,0,0,78,0,142,29,0,12,38,0,0,0,0,0,0,11,0,0,0,6,0,8,4,0,0,0,8,0,0,0,5,0,0,0,0,0,0,0,0,0,0,0,0,0,0,0,0,0,0,0,0,0,0,0,0,0,0,0,0,0,0,0,0,0,0,0,Meal_Preparation
22:09:08,09:54:26,0,0,27,185,166,413,167,0,122,0,0,0,0,0,0,57,0,30,0,0,0,26,0,24,0,0,0,0,23,0,10,0,0,0,0,0,5,0,7,0,0,3,0,9,0,0,0,0,0,0,0,0,0,0,0,0,0,0,0,0,0,0,0,0,0,0,0,0,0,0,0,R1_Sleep
23:07:47,00:08:27,0,0,27,10,0,6,0,0,0,0,0,0,0,0,0,0,0,0,0,0,0,0,0,0,0,0,0,0,15,0,0,0,0,0,0,0,0,0,0,0,0,0,0,0,0,0,0,0,0,0,0,0,0,0,0,0,0,0,0,0,0,0,0,0,0,0,0,0,0,0,0,R2_Work
23:16:18,08:09:43,0,0,0,81,18,76,167,0,122,0,0,0,0,0,0,18,0,8,0,0,0,17,0,14,0,0,0,0,8,0,10,0,0,0,0,0,5,0,7,0,0,3,0,9,0,0,0,0,0,0,0,0,0,0,0,0,0,0,0,0,0,0,0,0,0,0,0,0,0,0,0,R2_Sleep
02:46:22,00:01:46,0,0,0,0,6,0,0,0,0,0,0,0,0,0,0,6,0,4,0,0,0,6,0,8,0,0,0,0,2,0,4,0,0,0,0,0,2,0,2,0,0,1,0,3,0,0,0,0,0,0,0,0,0,0,0,0,0,0,0,0,0,0,0,0,0,0,0,0,0,0,0,R2_Bed_to_Toilet
07:00:34,00:01:52,0,0,0,0,6,0,0,0,0,0,0,0,0,0,0,8,0,4,0,0,0,11,0,6,0,0,0,0,4,0,4,0,0,0,0,0,3,0,3,0,0,0,0,4,0,0,0,0,0,0,0,0,0,0,0,0,0,0,0,0,0,0,0,0,0,0,0,0,0,0,0,R2_Personal_Hygiene
07:24:43,00:41:58,0,0,0,32,169,18,2,0,0,0,0,0,0,0,0,55,0,26,0,0,0,11,0,12,0,0,0,0,2,0,4,0,0,0,0,0,1,0,2,0,0,2,0,3,0,0,0,0,0,0,0,0,0,0,0,0,0,0,0,0,0,0,0,0,0,0,0,0,0,0,0,R2_Personal_Hygiene
08:07:13,00:02:00,1,0,8,0,11,0,0,0,0,0,0,0,0,0,0,4,0,4,1,0,0,4,0,4,0,0,0,0,0,0,4,0,2,0,4,0,0,0,0,0,0,0,0,0,0,0,0,0,0,4,0,0,0,0,0,0,0,0,0,0,0,0,0,0,0,0,0,0,0,0,0,R1_Bed_to_Toilet
08:11:30,00:30:58,133,195,59,0,0,0,0,45,0,0,47,0,19,12,0,1,0,0,0,0,0,0,0,0,13,0,9,19,1,0,3,9,2,0,2,0,1,0,0,0,0,5,0,0,4,0,4,0,0,0,4,3,4,0,0,0,0,0,0,0,0,0,0,0,0,0,0,0,0,0,0,Meal_Preparation
08:54:38,00:33:37,19,0,0,0,102,0,0,0,0,0,0,0,0,0,0,42,0,32,13,0,0,17,0,16,0,0,1,0,0,0,5,1,3,0,4,0,0,0,0,0,0,0,0,0,0,0,0,0,0,0,0,0,0,0,0,0,0,0,0,0,0,0,0,0,0,0,0,0,0,0,0,R1_Personal_Hygiene
20:55:00,01:10:28,281,91,0,0,0,0,0,42,0,0,43,0,47,20,0,0,0,0,20,0,0,0,0,0,17,0,17,18,2,0,0,16,0,0,0,3,0,0,0,0,4,0,0,0,0,0,0,0,0,0,0,0,0,0,0,0,2,0,0,0,0,0,0,0,0,0,0,0,0,0,0,Meal_Preparation
21:04:08,01:36:52,517,61,160,0,0,0,0,22,0,0,39,0,47,8,0,0,0,0,27,0,0,0,0,0,17,0,16,12,4,0,0,15,0,0,0,3,0,0,0,0,0,0,0,0,0,0,0,0,0,0,0,0,0,0,0,0,0,0,0,0,0,0,0,0,0,0,0,0,0,0,0,R1_Work
22:05:40,00:36:13,237,0,160,0,0,2,0,0,0,0,0,0,0,0,0,0,0,0,8,0,0,0,0,0,0,0,0,0,6,0,0,0,0,0,0,0,0,0,0,0,0,0,0,0,0,0,0,0,0,0,0,0,0,0,0,0,0,0,0,0,0,0,0,0,0,0,0,0,0,0,0,R2_Work
22:42:22,09:03:39,0,0,0,207,9,163,183,0,169,0,0,0,0,0,0,3,0,4,0,0,0,7,0,4,0,0,0,0,2,0,4,0,1,0,1,0,1,0,4,0,0,4,0,3,0,0,0,0,0,0,0,0,0,0,0,0,0,0,0,0,0,0,0,0,0,0,0,0,0,0,0,R1_Sleep
22:43:33,09:17:35,0,0,0,207,13,155,191,0,173,0,0,0,0,0,0,5,0,14,0,0,0,13,0,10,0,0,0,0,2,0,6,0,2,0,2,0,1,0,4,0,0,4,4,3,0,0,0,0,0,6,0,0,0,0,0,0,0,0,0,0,0,0,0,0,0,0,0,0,0,0,0,R2_Sleep
06:41:47,00:01:58,0,0,0,0,8,0,0,0,0,0,0,0,0,0,0,3,0,4,0,0,0,7,0,4,0,0,0,0,1,0,4,0,0,0,0,0,0,0,3,0,0,4,0,3,0,0,0,0,0,0,0,0,0,0,0,0,0,0,0,0,0,0,0,0,0,0,0,0,0,0,0,R2_Bed_to_Toilet
07:47:47,00:24:03,0,0,0,0,7,0,11,0,6,0,0,0,0,0,0,4,0,21,0,0,0,6,0,6,0,0,0,0,0,0,3,0,3,0,3,0,0,0,0,0,0,0,6,0,0,0,0,0,0,6,0,0,0,0,0,0,0,0,0,0,0,0,0,0,0,0,0,0,0,0,0,R1_Bed_to_Toilet
08:12:18,00:08:04,0,0,0,0,62,0,0,0,0,0,0,0,0,0,0,20,0,12,0,0,0,8,0,4,0,0,0,0,1,0,5,0,1,0,2,0,0,0,1,0,0,2,0,0,0,0,0,0,0,0,2,0,0,0,0,0,0,0,0,0,0,0,0,0,0,0,0,0,0,0,0,R1_Personal_Hygiene
08:38:24,00:37:49,0,0,0,0,154,0,0,0,0,0,0,0,0,0,1,73,0,22,0,0,0,23,0,11,0,0,0,0,1,0,6,0,0,0,0,0,3,0,2,0,0,0,0,2,0,0,0,0,0,0,0,0,0,0,0,0,0,0,0,0,0,0,0,0,0,0,0,0,0,0,0,R2_Personal_Hygiene
09:19:02,00:28:08,0,0,0,0,0,0,0,1,0,0,0,0,0,1,27,0,0,0,0,9,0,0,14,0,0,2,0,0,0,2,0,1,0,0,0,0,0,5,0,5,0,0,0,0,1,0,1,0,0,0,0,0,0,1,2,1,0,2,0,0,0,0,0,0,0,0,0,0,0,0,0,Watch_TV
10:47:29,00:14:48,0,89,0,0,0,0,0,47,0,15,16,3,17,25,0,0,0,0,0,0,14,0,0,0,6,0,4,8,0,0,0,1,0,0,0,0,0,0,0,0,4,0,0,0,0,0,0,0,0,0,0,0,0,0,0,0,0,0,0,0,0,0,0,0,0,0,0,0,0,0,0,Meal_Preparation
12:38:50,00:26:36,0,43,2,0,0,0,0,12,0,12,30,5,59,16,0,0,2,0,0,0,9,0,0,0,10,0,19,0,0,0,0,3,0,0,0,3,0,0,0,0,0,0,0,0,1,0,1,0,0,0,0,0,0,0,0,0,0,0,0,1,0,0,0,0,0,0,0,0,0,0,0,Meal_Preparation
13:33:59,01:54:43,0,0,74,0,0,0,2,0,0,0,0,0,0,0,0,0,0,0,0,0,0,0,0,0,0,0,0,0,19,0,0,0,0,0,0,0,0,0,0,0,0,0,0,0,0,0,0,0,0,0,0,0,0,0,0,0,0,0,0,0,0,0,0,0,0,0,0,0,0,0,0,R2_Work
21:35:11,09:44:37,0,0,0,131,4,209,207,0,120,0,0,0,0,0,0,4,0,4,0,0,0,4,0,4,0,0,0,0,2,0,2,0,0,0,0,0,3,0,4,0,0,1,0,2,0,0,0,0,0,0,0,0,0,0,0,0,0,0,0,0,0,0,0,0,0,0,0,0,0,0,0,R2_Sleep
21:58:32,09:56:42,0,0,0,149,53,318,177,0,118,0,0,0,0,0,0,44,0,20,0,0,0,9,0,10,0,0,0,0,2,0,4,0,0,0,0,0,5,0,5,0,0,2,0,2,0,0,0,0,0,0,0,0,0,0,0,0,0,0,0,0,0,0,0,0,0,0,0,0,0,0,0,R1_Sleep
06:57:59,00:01:35,0,0,0,0,4,0,1,0,1,0,0,0,0,0,0,4,0,4,0,0,0,4,0,4,0,0,0,0,1,0,2,0,0,0,0,0,3,0,2,0,0,0,0,2,0,0,0,0,0,0,0,0,0,0,0,0,0,0,0,0,0,0,0,0,0,0,0,0,0,0,0,R2_Bed_to_Toilet
07:20:14,00:35:53,0,1,1,20,50,109,0,0,0,0,0,0,0,0,0,42,0,17,0,0,0,6,0,8,0,0,0,0,0,0,2,0,0,0,0,0,2,0,1,0,0,1,0,0,0,0,0,0,0,0,0,0,0,0,0,0,0,0,0,0,0,0,0,0,0,0,0,0,0,0,0,R2_Personal_Hygiene
07:56:19,00:02:23,0,17,8,0,0,0,0,0,0,0,7,0,3,0,0,0,0,0,0,0,0,0,0,0,3,0,1,0,0,0,0,0,0,0,0,0,0,0,1,0,0,0,0,0,0,0,0,0,0,0,0,0,0,0,0,0,0,0,0,0,0,0,0,0,0,0,0,0,0,0,0,Meal_Preparation
07:56:19,00:16:02,24,47,77,0,0,0,0,16,0,0,18,0,3,8,0,0,0,0,8,0,0,0,0,0,7,1,6,7,2,0,0,4,0,0,0,0,0,0,0,0,0,0,0,0,0,0,0,0,0,1,0,0,0,0,0,0,0,0,0,0,0,0,0,0,0,0,0,0,0,0,0,R2_Work
08:01:06,00:00:31,4,0,6,0,0,0,0,0,0,0,0,0,0,0,0,0,0,0,2,0,0,0,0,0,0,0,1,0,0,0,0,0,0,0,0,0,0,0,0,0,0,0,0,0,0,0,0,0,0,0,0,0,0,0,0,0,0,0,0,0,0,0,0,0,0,0,0,0,0,0,0,R1_Work
08:13:03,00:38:21,112,69,0,0,0,0,0,15,0,0,33,0,51,8,0,0,0,0,6,0,0,1,0,2,12,0,10,12,0,0,0,4,0,0,0,3,0,0,0,0,0,0,0,0,0,0,0,0,0,0,0,0,1,0,0,0,0,0,0,0,0,0,0,0,0,0,0,0,0,0,0,Meal_Preparation
08:51:59,00:36:25,0,0,0,0,92,0,0,0,0,0,0,0,0,0,0,41,0,41,1,0,0,20,0,13,0,0,0,0,0,0,3,0,2,0,3,0,0,1,0,1,0,0,0,0,0,0,0,0,0,0,0,0,0,0,1,0,0,0,0,0,0,0,0,0,0,0,0,0,0,0,0,R1_Personal_Hygiene
11:47:16,01:16:47,0,65,0,0,0,0,0,32,0,18,29,0,23,17,124,0,1,0,3,63,0,0,0,0,8,36,6,8,0,2,0,2,0,0,0,0,0,4,0,2,0,0,0,0,0,0,0,4,0,0,0,0,0,3,0,0,0,2,0,0,2,0,0,0,0,0,0,0,0,0,0,Watch_TV
11:47:24,01:04:37,0,65,0,0,0,0,0,31,0,18,29,0,23,16,104,0,0,0,0,55,0,0,0,0,8,29,6,8,0,2,0,2,0,0,0,0,0,4,0,0,0,0,0,0,0,0,0,4,0,0,0,0,0,0,0,0,0,0,0,0,2,0,0,0,0,0,0,0,0,0,0,Meal_Preparation
17:51:12,02:07:33,947,0,0,0,0,0,1,0,0,0,0,0,0,0,0,0,0,0,35,0,0,0,0,0,0,0,0,0,0,0,0,0,0,0,0,0,0,0,0,0,0,0,0,0,0,0,0,0,0,0,0,0,0,0,0,0,0,0,0,0,0,0,0,0,0,0,0,0,0,0,0,R1_Work
20:01:52,11:50:35,1048,0,1,161,117,177,213,0,237,0,0,0,0,0,0,35,0,37,8,0,0,40,0,50,0,0,0,0,1,0,19,0,12,0,15,0,1,0,1,0,0,4,0,0,0,0,0,0,0,0,1,0,0,0,0,0,0,0,0,0,0,0,0,0,0,0,0,0,0,0,0,R2_Sleep
22:38:09,05:47:04,0,0,0,159,67,175,94,0,100,0,0,0,0,0,0,17,0,25,2,0,0,16,0,18,0,0,0,0,0,0,6,0,5,0,5,0,0,0,0,0,0,1,0,0,0,0,0,0,0,0,0,0,0,0,0,0,0,0,0,0,0,0,0,0,0,0,0,0,0,0,0,R1_Sleep
04:01:41,00:21:32,0,0,0,4,67,0,4,0,6,0,0,0,0,0,0,16,0,25,2,0,0,16,0,18,0,0,0,0,0,0,3,0,4,0,3,0,0,0,0,0,0,0,0,0,0,0,0,0,0,0,0,0,0,0,0,0,0,0,0,0,0,0,0,0,0,0,0,0,0,0,0,R1_Bed_to_Toilet
04:25:32,00:02:03,0,0,0,0,14,0,8,0,4,0,0,0,0,0,0,7,0,0,1,0,0,0,0,0,0,0,0,0,0,0,4,0,2,0,2,0,0,0,0,0,0,2,0,0,0,0,0,0,0,0,0,0,0,0,0,0,0,0,0,0,0,0,0,0,0,0,0,0,0,0,0,R1_Bed_to_Toilet
05:02:13,00:04:01,0,0,0,0,9,0,1,0,3,0,0,0,0,0,0,2,0,4,0,0,0,16,0,18,0,0,0,0,0,0,2,0,0,0,1,0,0,0,0,0,0,0,0,0,0,0,0,0,0,0,0,0,0,0,0,0,0,0,0,0,0,0,0,0,0,0,0,0,0,0,0,R1_Bed_to_Toilet
05:51:07,00:02:24,0,0,0,0,15,0,3,0,7,0,0,0,0,0,0,3,0,4,0,0,0,4,0,6,0,0,0,0,0,0,1,0,2,0,1,0,0,0,0,0,0,0,0,0,0,0,0,0,0,0,0,0,0,0,0,0,0,0,0,0,0,0,0,0,0,0,0,0,0,0,0,R1_Bed_to_Toilet
06:01:55,00:02:24,0,0,0,0,12,0,9,0,4,0,0,0,0,0,0,3,0,4,1,0,0,4,0,8,0,0,0,0,0,0,3,0,2,0,3,0,0,0,0,0,0,0,0,0,0,0,0,0,0,0,0,0,0,0,0,0,0,0,0,0,0,0,0,0,0,0,0,0,0,0,0,R1_Personal_Hygiene
07:55:15,00:02:39,0,0,0,0,10,0,1,0,0,0,0,0,0,0,0,4,0,8,0,0,0,6,0,22,0,0,0,0,3,0,4,0,0,0,0,0,3,0,3,0,0,0,0,2,0,0,0,0,0,0,0,0,0,0,0,0,0,0,0,0,0,0,0,0,0,0,0,0,0,0,0,R2_Bed_to_Toilet
08:02:15,00:05:37,0,0,1,0,10,0,0,0,0,0,0,0,0,0,0,8,0,8,0,0,0,8,0,26,0,0,0,0,2,0,2,0,0,0,1,0,2,0,2,0,0,0,1,3,0,0,0,0,0,0,1,0,0,0,0,0,0,0,0,0,0,0,0,0,0,0,0,0,0,0,0,R2_Personal_Hygiene
08:07:58,01:09:58,0,26,184,0,0,0,0,19,0,0,8,0,17,6,0,0,0,0,0,0,0,0,0,0,6,0,2,6,4,0,0,1,0,0,0,0,0,0,0,0,0,0,0,0,0,0,1,0,0,0,0,1,0,0,0,0,0,0,0,0,0,0,0,0,0,0,0,0,0,0,0,R2_Work
08:14:31,00:35:03,0,25,66,0,0,0,0,19,0,0,5,0,17,6,0,0,0,0,0,0,0,0,0,0,6,0,0,6,0,0,0,1,0,0,0,0,0,0,0,0,0,0,0,0,0,0,0,0,0,0,0,0,0,0,0,0,0,0,0,0,0,0,0,0,0,0,0,0,0,0,0,Meal_Preparation
09:18:38,00:10:10,0,18,0,0,0,0,0,10,0,0,13,0,16,7,0,1,0,0,0,0,6,0,0,0,2,0,1,2,1,0,0,0,0,0,0,0,0,0,2,0,0,0,0,0,0,0,0,0,0,0,0,0,0,0,0,0,0,0,0,0,0,0,0,0,0,0,0,0,0,0,0,Meal_Preparation
10:04:25,00:40:25,0,0,0,0,146,0,0,0,0,0,0,0,0,0,2,49,0,28,0,2,0,10,0,11,0,0,0,0,0,0,1,0,0,0,0,0,2,0,0,0,0,0,0,0,0,0,0,0,0,0,0,0,0,0,0,0,0,0,0,0,0,0,0,0,0,0,0,0,0,0,0,R2_Personal_Hygiene
10:58:52,00:28:07,0,0,1,0,0,0,0,0,0,0,0,0,0,0,100,0,48,0,0,31,0,0,0,0,0,5,0,0,1,0,0,0,0,0,0,0,1,0,1,4,0,0,0,0,0,0,0,0,0,0,0,0,0,0,0,0,0,1,0,0,0,0,0,0,0,0,0,0,0,0,0,Watch_TV
11:27:40,00:09:27,0,0,0,0,44,0,0,0,0,0,0,0,0,0,0,24,0,8,0,0,0,9,0,21,0,0,0,0,1,1,3,0,0,0,0,0,2,0,1,0,0,0,0,2,0,0,0,0,0,0,0,0,0,0,0,0,0,0,1,0,0,0,0,0,0,0,0,0,0,0,0,R2_Personal_Hygiene
12:20:04,00:12:16,0,11,0,0,0,0,0,15,0,2,8,0,0,12,40,0,4,0,0,20,4,0,0,0,2,10,0,4,0,1,0,0,0,0,0,0,0,0,0,6,0,0,0,0,0,0,0,0,0,0,0,0,0,1,0,0,0,2,1,0,0,0,0,0,0,0,0,0,0,0,0,Watch_TV
12:20:17,00:13:50,0,15,0,0,0,0,0,16,0,2,8,0,14,13,40,0,4,0,0,18,4,0,0,0,2,8,2,4,0,0,0,5,0,0,0,0,0,0,0,4,0,0,0,0,0,0,0,0,0,0,0,0,0,0,0,0,0,1,0,0,0,0,0,0,0,0,0,0,0,0,0,Meal_Preparation
13:42:09,00:36:50,0,59,0,0,0,0,0,26,0,10,12,0,52,13,0,0,0,0,0,0,0,0,0,0,7,0,0,14,0,0,0,8,0,0,0,2,0,0,0,0,0,0,0,0,0,0,0,0,0,0,0,0,0,0,0,0,0,0,0,0,0,0,0,0,0,0,0,0,0,0,0,Meal_Preparation
17:51:49,00:22:27,1,59,0,0,0,0,0,17,0,24,17,0,0,7,0,0,0,0,3,0,0,0,0,0,6,0,2,6,0,0,0,4,0,0,0,10,0,0,0,0,0,0,0,0,0,0,0,0,0,0,0,0,0,0,0,0,0,0,0,0,0,0,0,0,0,0,0,0,0,0,0,Meal_Preparation
19:33:45,01:06:45,551,0,0,4,0,0,0,0,0,0,0,0,0,0,0,0,0,0,28,0,0,0,0,0,0,0,0,0,0,0,0,0,0,0,0,0,0,0,0,0,0,0,0,0,0,0,0,0,0,0,0,0,0,0,0,0,0,0,0,0,0,0,0,0,0,0,0,0,0,0,0,R1_Work
23:47:31,07:20:48,0,0,0,159,0,179,131,0,97,0,0,0,0,0,0,0,0,0,0,0,0,0,0,0,0,0,0,0,0,0,0,0,0,0,0,0,0,0,0,0,0,0,0,0,0,0,0,0,0,0,0,0,0,0,0,0,0,0,0,0,0,0,0,0,0,0,0,0,0,0,0,R1_Sleep
00:00:49,07:26:57,0,0,0,141,0,108,137,0,99,0,0,0,0,0,0,0,0,0,0,0,0,0,0,0,0,0,0,0,0,0,0,0,0,0,0,0,0,0,0,0,0,0,0,0,0,0,0,0,0,0,0,0,0,0,0,0,0,0,0,0,0,0,0,0,0,0,0,0,0,0,0,R2_Sleep
